patient_id,login_email,temporary_password
P001,p001@epilepsycare.in,Epi-vZretb!
P002,p002@epilepsycare.in,Epi-xxcDO2!
P003,p003@epilepsycare.in,Epi-2vqzHl!
P004,p004@epilepsycare.in,Epi-zqzner!
P005,p005@epilepsycare.in,Epi-G4XBhF!
P006,p006@epilepsycare.in,Epi-38eXgi!
P007,p007@epilepsycare.in,Epi-yEF29J!
P008,p008@epilepsycare.in,Epi-EB62UJ!
P009,p009@epilepsycare.in,Epi-YOCOSs!
P010,p010@epilepsycare.in,Epi-mtdkiy!
P011,p011@epilepsycare.in,Epi-UKLDqi!
P012,p012@epilepsycare.in,Epi-O14e1M!
P013,p013@epilepsycare.in,Epi-uzL7Vi!
P014,p014@epilepsycare.in,Epi-kQTOLv!
P015,p015@epilepsycare.in,Epi-8pRwNa!
P016,p016@epilepsycare.in,Epi-MljO6G!
P017,p017@epilepsycare.in,Epi-5huE6l!
P018,p018@epilepsycare.in,Epi-SBEcV5!
P019,p019@epilepsycare.in,Epi-eHITbD!
P020,p020@epilepsycare.in,Epi-Q5Frk6!
P021,p021@epilepsycare.in,Epi-B4SrmA!
P022,p022@epilepsycare.in,Epi-jAgkeh!
P023,p023@epilepsycare.in,Epi-weD2cf!
P024,p024@epilepsycare.in,Epi-q9KD8U!
P025,p025@epilepsycare.in,Epi-OraMfu!
P026,p026@epilepsycare.in,Epi-JRgxCy!
P027,p027@epilepsycare.in,Epi-eXMF4R!
P028,p028@epilepsycare.in,Epi-BfY2JQ!
P029,p029@epilepsycare.in,Epi-BYBuss!
P030,p030@epilepsycare.in,Epi-hS9Axy!
P031,p031@epilepsycare.in,Epi-hqxBFO!
P032,p032@epilepsycare.in,Epi-iCkIbw!
P033,p033@epilepsycare.in,Epi-mxbQ0h!
P034,p034@epilepsycare.in,Epi-snR3bV!
P035,p035@epilepsycare.in,Epi-2JJYlv!
P036,p036@epilepsycare.in,Epi-ifkDn5!
P037,p037@epilepsycare.in,Epi-h0fRsw!
P038,p038@epilepsycare.in,Epi-wsBCmB!
P039,p039@epilepsycare.in,Epi-3xYZuw!
P040,p040@epilepsycare.in,Epi-o9OX58!
P041,p041@epilepsycare.in,Epi-wR14jA!
P042,p042@epilepsycare.in,Epi-JI7vHb!
P043,p043@epilepsycare.in,Epi-jzxJtd!
P044,p044@epilepsycare.in,Epi-x0Oic3!
P045,p045@epilepsycare.in,Epi-o58AhU!
P046,p046@epilepsycare.in,Epi-8mSdgL!
P047,p047@epilepsycare.in,Epi-0RMiU2!
P048,p048@epilepsycare.in,Epi-M1jFPO!
P049,p049@epilepsycare.in,Epi-2KgWEi!
P050,p050@epilepsycare.in,Epi-Lr7GWs!
P051,p051@epilepsycare.in,Epi-6uF3Q8!
P052,p052@epilepsycare.in,Epi-htLOC2!
P053,p053@epilepsycare.in,Epi-afHV71!
P054,p054@epilepsycare.in,Epi-TwtYaQ!
P055,p055@epilepsycare.in,Epi-elWafh!
P056,p056@epilepsycare.in,Epi-gRDid0!
P057,p057@epilepsycare.in,Epi-aDNsA6!
P058,p058@epilepsycare.in,Epi-hXd1oE!
P059,p059@epilepsycare.in,Epi-QzBhwD!
P060,p060@epilepsycare.in,Epi-BzHIf8!
P061,p061@epilepsycare.in,Epi-5Dvjb7!
P062,p062@epilepsycare.in,Epi-UnnLQ1!
P063,p063@epilepsycare.in,Epi-cSVgNY!
P064,p064@epilepsycare.in,Epi-b0X3ep!
P065,p065@epilepsycare.in,Epi-CrlTmz!
P066,p066@epilepsycare.in,Epi-vobODa!
P067,p067@epilepsycare.in,Epi-GaHZda!
P068,p068@epilepsycare.in,Epi-tt52Wl!
P069,p069@epilepsycare.in,Epi-OaNqtP!
P070,p070@epilepsycare.in,Epi-vVr7Fy!
P071,p071@epilepsycare.in,Epi-17AiAS!
P072,p072@epilepsycare.in,Epi-3CfxtW!
P073,p073@epilepsycare.in,Epi-pLfj1e!
P074,p074@epilepsycare.in,Epi-2vw6J8!
P075,p075@epilepsycare.in,Epi-9LRoPK!
P076,p076@epilepsycare.in,Epi-eQ09tV!
P077,p077@epilepsycare.in,Epi-meJgsW!
P078,p078@epilepsycare.in,Epi-H2gnBs!
P079,p079@epilepsycare.in,Epi-bYBMvd!
P080,p080@epilepsycare.in,Epi-79RvCt!
P081,p081@epilepsycare.in,Epi-6SdpHy!
P082,p082@epilepsycare.in,Epi-lhaZgx!
P083,p083@epilepsycare.in,Epi-MrxNE8!
P084,p084@epilepsycare.in,Epi-x5oe7q!
P085,p085@epilepsycare.in,Epi-lP3n3l!
P086,p086@epilepsycare.in,Epi-da0RoU!
P087,p087@epilepsycare.in,Epi-u4Om64!
P088,p088@epilepsycare.in,Epi-Whm5nA!
P089,p089@epilepsycare.in,Epi-fWHyKK!
P090,p090@epilepsycare.in,Epi-WdH5n8!
P091,p091@epilepsycare.in,Epi-xnxiYE!
P092,p092@epilepsycare.in,Epi-JN3nFR!
P093,p093@epilepsycare.in,Epi-PPJdLF!
P094,p094@epilepsycare.in,Epi-y3SLqk!
P095,p095@epilepsycare.in,Epi-iENBqJ!
P096,p096@epilepsycare.in,Epi-ydhHcO!
P097,p097@epilepsycare.in,Epi-XqL12X!
P098,p098@epilepsycare.in,Epi-GzzCPp!
P099,p099@epilepsycare.in,Epi-L1mxLg!
P100,p100@epilepsycare.in,Epi-KVSngL!
P101,p101@epilepsycare.in,Epi-kz9MtH!
P102,p102@epilepsycare.in,Epi-2NB2CS!
P103,p103@epilepsycare.in,Epi-h4B0Z8!
P104,p104@epilepsycare.in,Epi-ni0O77!
P105,p105@epilepsycare.in,Epi-1tXeqC!
P106,p106@epilepsycare.in,Epi-FseqRt!
P107,p107@epilepsycare.in,Epi-RRv4Uv!
P108,p108@epilepsycare.in,Epi-e14URw!
P109,p109@epilepsycare.in,Epi-3JuKiW!
P110,p110@epilepsycare.in,Epi-3YUP50!
P111,p111@epilepsycare.in,Epi-zbspHB!
P112,p112@epilepsycare.in,Epi-b6i9HS!
P113,p113@epilepsycare.in,Epi-yOgsIM!
P114,p114@epilepsycare.in,Epi-dte4u3!
P115,p115@epilepsycare.in,Epi-e7lmiJ!
P116,p116@epilepsycare.in,Epi-Ty8D09!
P117,p117@epilepsycare.in,Epi-3BFGiN!
P118,p118@epilepsycare.in,Epi-GrLGhQ!
P119,p119@epilepsycare.in,Epi-so05fp!
P120,p120@epilepsycare.in,Epi-lEKrHx!
P121,p121@epilepsycare.in,Epi-RP1Ssh!
P122,p122@epilepsycare.in,Epi-vh8KX6!
P123,p123@epilepsycare.in,Epi-zqsl8T!
P124,p124@epilepsycare.in,Epi-6RtiBF!
P125,p125@epilepsycare.in,Epi-2pEJX8!
P126,p126@epilepsycare.in,Epi-zzmtqc!
P127,p127@epilepsycare.in,Epi-ngRmf4!
P128,p128@epilepsycare.in,Epi-xkTufX!
P129,p129@epilepsycare.in,Epi-wDuWFP!
P130,p130@epilepsycare.in,Epi-7l7PCW!
P131,p131@epilepsycare.in,Epi-3sVhuB!
P132,p132@epilepsycare.in,Epi-Ki3ytx!
P133,p133@epilepsycare.in,Epi-VFF7rx!
P134,p134@epilepsycare.in,Epi-dVnLzv!
P135,p135@epilepsycare.in,Epi-8JXl43!
P136,p136@epilepsycare.in,Epi-mpT78i!
P137,p137@epilepsycare.in,Epi-rQaUHP!
P138,p138@epilepsycare.in,Epi-ydS31U!
P139,p139@epilepsycare.in,Epi-aGWgjl!
P140,p140@epilepsycare.in,Epi-mhTwcP!
P141,p141@epilepsycare.in,Epi-Yym7zv!
P142,p142@epilepsycare.in,Epi-n3rw7h!
P143,p143@epilepsycare.in,Epi-UrlX4q!
P144,p144@epilepsycare.in,Epi-wffXsS!
P145,p145@epilepsycare.in,Epi-W8fils!
P146,p146@epilepsycare.in,Epi-sb25mV!
P147,p147@epilepsycare.in,Epi-8zerrP!
P148,p148@epilepsycare.in,Epi-7mnqh8!
P149,p149@epilepsycare.in,Epi-HhRc5a!
P150,p150@epilepsycare.in,Epi-Gbozrj!
P151,p151@epilepsycare.in,Epi-S6DtC8!
P152,p152@epilepsycare.in,Epi-fLEt7Q!
P153,p153@epilepsycare.in,Epi-ga66tJ!
P154,p154@epilepsycare.in,Epi-IzhNLW!
P155,p155@epilepsycare.in,Epi-OjUrfh!
P156,p156@epilepsycare.in,Epi-ayMTaJ!
P157,p157@epilepsycare.in,Epi-2l88Bw!
P158,p158@epilepsycare.in,Epi-fe3uvA!
P159,p159@epilepsycare.in,Epi-k3MYq1!
P160,p160@epilepsycare.in,Epi-8VqbkM!
P161,p161@epilepsycare.in,Epi-s8caZT!
P162,p162@epilepsycare.in,Epi-5zrM92!
P163,p163@epilepsycare.in,Epi-6929W5!
P164,p164@epilepsycare.in,Epi-WaDsKA!
P165,p165@epilepsycare.in,Epi-xr3VCM!
P166,p166@epilepsycare.in,Epi-adpnXS!
P167,p167@epilepsycare.in,Epi-Tvteeq!
P168,p168@epilepsycare.in,Epi-RI01jo!
P169,p169@epilepsycare.in,Epi-8EMObP!
P170,p170@epilepsycare.in,Epi-moXOUA!
P171,p171@epilepsycare.in,Epi-hh5QSP!
P172,p172@epilepsycare.in,Epi-AELP7s!
P173,p173@epilepsycare.in,Epi-BW3nUJ!
P174,p174@epilepsycare.in,Epi-kMZfhs!
P175,p175@epilepsycare.in,Epi-Zg5rZs!
P176,p176@epilepsycare.in,Epi-lHjRrn!
P177,p177@epilepsycare.in,Epi-YA2Uzy!
P178,p178@epilepsycare.in,Epi-VwUVeE!
P179,p179@epilepsycare.in,Epi-tHmWoL!
P180,p180@epilepsycare.in,Epi-moUYgi!
P181,p181@epilepsycare.in,Epi-AiKDOz!
P182,p182@epilepsycare.in,Epi-guZtwc!
P183,p183@epilepsycare.in,Epi-FYs9eI!
P184,p184@epilepsycare.in,Epi-JXk8dT!
P185,p185@epilepsycare.in,Epi-7By0WG!
P186,p186@epilepsycare.in,Epi-IAUBuk!
P187,p187@epilepsycare.in,Epi-ydFkKx!
P188,p188@epilepsycare.in,Epi-KVf73V!
P189,p189@epilepsycare.in,Epi-TalyAu!
P190,p190@epilepsycare.in,Epi-rBov1S!
P191,p191@epilepsycare.in,Epi-1M2nwC!
P192,p192@epilepsycare.in,Epi-neQnDt!
P193,p193@epilepsycare.in,Epi-lk39oX!
P194,p194@epilepsycare.in,Epi-H8ak4B!
P195,p195@epilepsycare.in,Epi-M33BLu!
P196,p196@epilepsycare.in,Epi-AVOMeP!
P197,p197@epilepsycare.in,Epi-s4ROOa!
P198,p198@epilepsycare.in,Epi-ZMp0Lx!
P199,p199@epilepsycare.in,Epi-WxbBgg!
P200,p200@epilepsycare.in,Epi-PRuAwe!
P201,p201@epilepsycare.in,Epi-K7X0RY!
P202,p202@epilepsycare.in,Epi-xWLF3w!
P203,p203@epilepsycare.in,Epi-3sOFta!
P204,p204@epilepsycare.in,Epi-pFkVM0!
P205,p205@epilepsycare.in,Epi-rlJ1Jf!
P206,p206@epilepsycare.in,Epi-NwFwcF!
P207,p207@epilepsycare.in,Epi-O5D9TO!
P208,p208@epilepsycare.in,Epi-7fjcjD!
P209,p209@epilepsycare.in,Epi-pjixIK!
P210,p210@epilepsycare.in,Epi-v7eGDP!
P211,p211@epilepsycare.in,Epi-qL5tnn!
P212,p212@epilepsycare.in,Epi-qkCQt9!
P213,p213@epilepsycare.in,Epi-0wnPtz!
P214,p214@epilepsycare.in,Epi-jY47So!
P215,p215@epilepsycare.in,Epi-4bY8ip!
P216,p216@epilepsycare.in,Epi-nR5rbX!
P217,p217@epilepsycare.in,Epi-ThkDTo!
P218,p218@epilepsycare.in,Epi-Sn73Rm!
P219,p219@epilepsycare.in,Epi-KQ0gfH!
P220,p220@epilepsycare.in,Epi-1HfdlB!
P221,p221@epilepsycare.in,Epi-I82syx!
P222,p222@epilepsycare.in,Epi-tAkEV3!
P223,p223@epilepsycare.in,Epi-YB4yWJ!
P224,p224@epilepsycare.in,Epi-OgmR1y!
P225,p225@epilepsycare.in,Epi-G87dSK!
P226,p226@epilepsycare.in,Epi-d22niy!
P227,p227@epilepsycare.in,Epi-SBjKZL!
P228,p228@epilepsycare.in,Epi-wH2SRI!
P229,p229@epilepsycare.in,Epi-u4bOyH!
P230,p230@epilepsycare.in,Epi-u9ag9B!
P231,p231@epilepsycare.in,Epi-MSYwu5!
P232,p232@epilepsycare.in,Epi-BdRtxP!
P233,p233@epilepsycare.in,Epi-PEaNO3!
P234,p234@epilepsycare.in,Epi-hgipqB!
P235,p235@epilepsycare.in,Epi-HlKGgb!
P236,p236@epilepsycare.in,Epi-piMtHB!
P237,p237@epilepsycare.in,Epi-zWXUFY!
P238,p238@epilepsycare.in,Epi-qVQRIh!
P239,p239@epilepsycare.in,Epi-zk8eeO!
P240,p240@epilepsycare.in,Epi-BdtnEY!
P241,p241@epilepsycare.in,Epi-ACDI5u!
P242,p242@epilepsycare.in,Epi-Ut51Ip!
P243,p243@epilepsycare.in,Epi-be8OBn!
P244,p244@epilepsycare.in,Epi-qqKYTq!
P245,p245@epilepsycare.in,Epi-oX23p1!
P246,p246@epilepsycare.in,Epi-LbYeLk!
P247,p247@epilepsycare.in,Epi-q8QkAz!
P248,p248@epilepsycare.in,Epi-rYkUnU!
P249,p249@epilepsycare.in,Epi-qbs2Ez!
P250,p250@epilepsycare.in,Epi-rnpRgY!
P251,p251@epilepsycare.in,Epi-d3YEQx!
P252,p252@epilepsycare.in,Epi-rjftJp!
P253,p253@epilepsycare.in,Epi-9sofnZ!
P254,p254@epilepsycare.in,Epi-u0iXeb!
P255,p255@epilepsycare.in,Epi-XeufIc!
P256,p256@epilepsycare.in,Epi-3EsIrV!
P257,p257@epilepsycare.in,Epi-pi1cUO!
P258,p258@epilepsycare.in,Epi-DigAhh!
P259,p259@epilepsycare.in,Epi-9XC7Fm!
P260,p260@epilepsycare.in,Epi-nlhc50!
P261,p261@epilepsycare.in,Epi-9tA5xu!
P262,p262@epilepsycare.in,Epi-cIGG9Z!
P263,p263@epilepsycare.in,Epi-e68tx3!
P264,p264@epilepsycare.in,Epi-rSD9LI!
P265,p265@epilepsycare.in,Epi-6dFXBz!
P266,p266@epilepsycare.in,Epi-Tmi5LK!
P267,p267@epilepsycare.in,Epi-l7HtAb!
P268,p268@epilepsycare.in,Epi-sxGrE8!
P269,p269@epilepsycare.in,Epi-gBJVbO!
P270,p270@epilepsycare.in,Epi-75FNm6!
P271,p271@epilepsycare.in,Epi-TDx9T2!
P272,p272@epilepsycare.in,Epi-K61Xex!
P273,p273@epilepsycare.in,Epi-pr99R3!
P274,p274@epilepsycare.in,Epi-iEkUFx!
P275,p275@epilepsycare.in,Epi-aVT2yn!
P276,p276@epilepsycare.in,Epi-F5QWKn!
P277,p277@epilepsycare.in,Epi-tjj4yu!
P278,p278@epilepsycare.in,Epi-jVzkE4!
P279,p279@epilepsycare.in,Epi-EHMnju!
P280,p280@epilepsycare.in,Epi-BiQnod!
P281,p281@epilepsycare.in,Epi-xE8N1Z!
P282,p282@epilepsycare.in,Epi-Tq4Qy2!
P283,p283@epilepsycare.in,Epi-GGCtGh!
P284,p284@epilepsycare.in,Epi-NVih3Q!
P285,p285@epilepsycare.in,Epi-eiMMNh!
P286,p286@epilepsycare.in,Epi-pet0yu!
P287,p287@epilepsycare.in,Epi-cB2Rih!
P288,p288@epilepsycare.in,Epi-k1tkPj!
P289,p289@epilepsycare.in,Epi-pQ6HMY!
P290,p290@epilepsycare.in,Epi-INLBa7!
P291,p291@epilepsycare.in,Epi-bzYIpt!
P292,p292@epilepsycare.in,Epi-f9W3ez!
P293,p293@epilepsycare.in,Epi-UnEkAS!
P294,p294@epilepsycare.in,Epi-JzKBiO!
P295,p295@epilepsycare.in,Epi-SEXoUs!
P296,p296@epilepsycare.in,Epi-soH6lM!
P297,p297@epilepsycare.in,Epi-4itL5f!
P298,p298@epilepsycare.in,Epi-E1WFzo!
P299,p299@epilepsycare.in,Epi-PY4bzE!
P300,p300@epilepsycare.in,Epi-tFTUY2!
P301,p301@epilepsycare.in,Epi-w7Neg4!
P302,p302@epilepsycare.in,Epi-XQqapA!
P303,p303@epilepsycare.in,Epi-hFR9sP!
P304,p304@epilepsycare.in,Epi-5ivYbZ!
P305,p305@epilepsycare.in,Epi-CJvY2N!
P306,p306@epilepsycare.in,Epi-dsb0Kv!
P307,p307@epilepsycare.in,Epi-sRt40K!
P308,p308@epilepsycare.in,Epi-d6C7Pt!
P309,p309@epilepsycare.in,Epi-z3mBoj!
P310,p310@epilepsycare.in,Epi-RToY0M!
P311,p311@epilepsycare.in,Epi-HSLSzu!
P312,p312@epilepsycare.in,Epi-BtAKLs!
P313,p313@epilepsycare.in,Epi-yG9DHo!
P314,p314@epilepsycare.in,Epi-QyuCGy!
P315,p315@epilepsycare.in,Epi-qHu9IY!
P316,p316@epilepsycare.in,Epi-vGe6TL!
P317,p317@epilepsycare.in,Epi-Ip2mJg!
P318,p318@epilepsycare.in,Epi-c8CAea!
P319,p319@epilepsycare.in,Epi-baAfgQ!
P320,p320@epilepsycare.in,Epi-7iUqjX!
P321,p321@epilepsycare.in,Epi-2TytgN!
P322,p322@epilepsycare.in,Epi-X5XBMv!
P323,p323@epilepsycare.in,Epi-q9zaVD!
P324,p324@epilepsycare.in,Epi-pcQRF0!
P325,p325@epilepsycare.in,Epi-pZUe7h!
P326,p326@epilepsycare.in,Epi-aZEPTx!
P327,p327@epilepsycare.in,Epi-pTF9Ty!
P328,p328@epilepsycare.in,Epi-RR99wM!
P329,p329@epilepsycare.in,Epi-u67eF7!
P330,p330@epilepsycare.in,Epi-bFkSQw!
P331,p331@epilepsycare.in,Epi-fY876Q!
P332,p332@epilepsycare.in,Epi-kuRlRY!
P333,p333@epilepsycare.in,Epi-GHqeYA!
P334,p334@epilepsycare.in,Epi-HmsEc1!
P335,p335@epilepsycare.in,Epi-snqqS7!
P336,p336@epilepsycare.in,Epi-kFFh6N!
P337,p337@epilepsycare.in,Epi-LZFk7Z!
P338,p338@epilepsycare.in,Epi-f60Yks!
P339,p339@epilepsycare.in,Epi-Co0JKw!
P340,p340@epilepsycare.in,Epi-b8OFJP!
P341,p341@epilepsycare.in,Epi-90Y65X!
P342,p342@epilepsycare.in,Epi-QVzZzj!
P343,p343@epilepsycare.in,Epi-45JeQ6!
P344,p344@epilepsycare.in,Epi-z9mmgl!
P345,p345@epilepsycare.in,Epi-2V3Hlb!
P346,p346@epilepsycare.in,Epi-cQOHms!
P347,p347@epilepsycare.in,Epi-ye7lfp!
P348,p348@epilepsycare.in,Epi-EgDb63!
P349,p349@epilepsycare.in,Epi-8HHgnP!
P350,p350@epilepsycare.in,Epi-Ajtp8f!
P351,p351@epilepsycare.in,Epi-csSZKe!
P352,p352@epilepsycare.in,Epi-sTiy1g!
P353,p353@epilepsycare.in,Epi-l669B1!
P354,p354@epilepsycare.in,Epi-g6CJ9E!
P355,p355@epilepsycare.in,Epi-nQQhbJ!
P356,p356@epilepsycare.in,Epi-VnDf8X!
P357,p357@epilepsycare.in,Epi-3nT8oS!
P358,p358@epilepsycare.in,Epi-8aP0Jy!
P359,p359@epilepsycare.in,Epi-nDnwNR!
P360,p360@epilepsycare.in,Epi-E37N6Y!
P361,p361@epilepsycare.in,Epi-9lZQ4C!
P362,p362@epilepsycare.in,Epi-zsR701!
P363,p363@epilepsycare.in,Epi-ukxkv8!
P364,p364@epilepsycare.in,Epi-eLO0rj!
P365,p365@epilepsycare.in,Epi-QFZ9fp!
P366,p366@epilepsycare.in,Epi-cXKH6E!
P367,p367@epilepsycare.in,Epi-p9upZI!
P368,p368@epilepsycare.in,Epi-xcyCpU!
P369,p369@epilepsycare.in,Epi-LWZZmQ!
P370,p370@epilepsycare.in,Epi-jsg8VF!
P371,p371@epilepsycare.in,Epi-QfBLwT!
P372,p372@epilepsycare.in,Epi-qnLcSb!
P373,p373@epilepsycare.in,Epi-89KpKL!
P374,p374@epilepsycare.in,Epi-o1m1Fj!
P375,p375@epilepsycare.in,Epi-g0i95f!
P376,p376@epilepsycare.in,Epi-cLA3FZ!
P377,p377@epilepsycare.in,Epi-gUsLq4!
P378,p378@epilepsycare.in,Epi-fFsuUb!
P379,p379@epilepsycare.in,Epi-nTaNnL!
P380,p380@epilepsycare.in,Epi-b8PXHq!
P381,p381@epilepsycare.in,Epi-ssbLEU!
P382,p382@epilepsycare.in,Epi-fXEiBY!
P383,p383@epilepsycare.in,Epi-GClWjn!
P384,p384@epilepsycare.in,Epi-5IV1Gb!
P385,p385@epilepsycare.in,Epi-ByXNno!
P386,p386@epilepsycare.in,Epi-rVTUH3!
P387,p387@epilepsycare.in,Epi-Kbv6uW!
P388,p388@epilepsycare.in,Epi-swRA1L!
P389,p389@epilepsycare.in,Epi-dnWfmI!
P390,p390@epilepsycare.in,Epi-BBLnoE!
P391,p391@epilepsycare.in,Epi-20Xcsj!
P392,p392@epilepsycare.in,Epi-vmCLXW!
P393,p393@epilepsycare.in,Epi-iAr7R9!
P394,p394@epilepsycare.in,Epi-HG824g!
P395,p395@epilepsycare.in,Epi-2Lnn8Q!
P396,p396@epilepsycare.in,Epi-AcSCey!
P397,p397@epilepsycare.in,Epi-STtRnx!
P398,p398@epilepsycare.in,Epi-yC3VC7!
P399,p399@epilepsycare.in,Epi-CVFd01!
P400,p400@epilepsycare.in,Epi-tv8ZzM!
P401,p401@epilepsycare.in,Epi-CG1P22!
P402,p402@epilepsycare.in,Epi-O6GrRv!
P403,p403@epilepsycare.in,Epi-nwaasu!
P404,p404@epilepsycare.in,Epi-m2gY03!
P405,p405@epilepsycare.in,Epi-kX7Dxf!
P406,p406@epilepsycare.in,Epi-KsCmQ9!
P407,p407@epilepsycare.in,Epi-FmRz3k!
P408,p408@epilepsycare.in,Epi-2Zjzmr!
P409,p409@epilepsycare.in,Epi-RTbRwf!
P410,p410@epilepsycare.in,Epi-YP2QX5!
P411,p411@epilepsycare.in,Epi-QQuzzp!
P412,p412@epilepsycare.in,Epi-tHhrKE!
P413,p413@epilepsycare.in,Epi-erbc5D!
P414,p414@epilepsycare.in,Epi-rcFGFD!
P415,p415@epilepsycare.in,Epi-5ba7pt!
P416,p416@epilepsycare.in,Epi-uj8gA0!
P417,p417@epilepsycare.in,Epi-mcolvH!
P418,p418@epilepsycare.in,Epi-zXZZ7a!
P419,p419@epilepsycare.in,Epi-c7j5Zz!
P420,p420@epilepsycare.in,Epi-deN7aq!
P421,p421@epilepsycare.in,Epi-XICMTq!
P422,p422@epilepsycare.in,Epi-w4u7X4!
P423,p423@epilepsycare.in,Epi-d2WKmR!
P424,p424@epilepsycare.in,Epi-kkbyrd!
P425,p425@epilepsycare.in,Epi-raUPhS!
P426,p426@epilepsycare.in,Epi-2ZgZci!
P427,p427@epilepsycare.in,Epi-ZgqrfF!
P428,p428@epilepsycare.in,Epi-5qMZj7!
P429,p429@epilepsycare.in,Epi-3bwGub!
P430,p430@epilepsycare.in,Epi-QJ5izZ!
P431,p431@epilepsycare.in,Epi-juzQhN!
P432,p432@epilepsycare.in,Epi-4XYO5D!
P433,p433@epilepsycare.in,Epi-qUjqFN!
P434,p434@epilepsycare.in,Epi-ZqvQPr!
P435,p435@epilepsycare.in,Epi-Q9Ut6g!
P436,p436@epilepsycare.in,Epi-d0kazr!
P437,p437@epilepsycare.in,Epi-KYbJko!
P438,p438@epilepsycare.in,Epi-uzX8on!
P439,p439@epilepsycare.in,Epi-H3Inia!
P440,p440@epilepsycare.in,Epi-QcgJrm!
P441,p441@epilepsycare.in,Epi-QoksDR!
P442,p442@epilepsycare.in,Epi-ngYWwZ!
P443,p443@epilepsycare.in,Epi-hS3XwX!
P444,p444@epilepsycare.in,Epi-ywA4Qu!
P445,p445@epilepsycare.in,Epi-Irx3Gs!
P446,p446@epilepsycare.in,Epi-TWmJn4!
P447,p447@epilepsycare.in,Epi-th8Lch!
P448,p448@epilepsycare.in,Epi-Q8Q1LS!
P449,p449@epilepsycare.in,Epi-CazRfg!
P450,p450@epilepsycare.in,Epi-ErECMh!
P451,p451@epilepsycare.in,Epi-9VX2ZX!
P452,p452@epilepsycare.in,Epi-PusEgg!
P453,p453@epilepsycare.in,Epi-gr2nuL!
P454,p454@epilepsycare.in,Epi-cmujvh!
P455,p455@epilepsycare.in,Epi-H4rBot!
P456,p456@epilepsycare.in,Epi-sGqdSc!
P457,p457@epilepsycare.in,Epi-T4EZGC!
P458,p458@epilepsycare.in,Epi-gvfWI0!
P459,p459@epilepsycare.in,Epi-h6Weq0!
P460,p460@epilepsycare.in,Epi-tjpJxR!
P461,p461@epilepsycare.in,Epi-Fx5sQA!
P462,p462@epilepsycare.in,Epi-rUvjhL!
P463,p463@epilepsycare.in,Epi-MSInBH!
P464,p464@epilepsycare.in,Epi-KZV7Bv!
P465,p465@epilepsycare.in,Epi-sV02iB!
P466,p466@epilepsycare.in,Epi-ZVu0Ja!
P467,p467@epilepsycare.in,Epi-BNKXeM!
P468,p468@epilepsycare.in,Epi-ZYOG7c!
P469,p469@epilepsycare.in,Epi-6hHvPX!
P470,p470@epilepsycare.in,Epi-yid6oX!
P471,p471@epilepsycare.in,Epi-IAQe9n!
P472,p472@epilepsycare.in,Epi-haTqBF!
P473,p473@epilepsycare.in,Epi-wXNNYP!
P474,p474@epilepsycare.in,Epi-MbgVdS!
P475,p475@epilepsycare.in,Epi-aownFV!
P476,p476@epilepsycare.in,Epi-Xi81zr!
P477,p477@epilepsycare.in,Epi-X1Pp2k!
P478,p478@epilepsycare.in,Epi-dvMe9a!
P479,p479@epilepsycare.in,Epi-gy37Mc!
P480,p480@epilepsycare.in,Epi-xuuy5V!
P481,p481@epilepsycare.in,Epi-uKzoVP!
P482,p482@epilepsycare.in,Epi-rxrtAs!
P483,p483@epilepsycare.in,Epi-yq2YU1!
P484,p484@epilepsycare.in,Epi-I7aJPn!
P485,p485@epilepsycare.in,Epi-4tNrmU!
P486,p486@epilepsycare.in,Epi-peQYY8!
P487,p487@epilepsycare.in,Epi-TCMH7E!
P488,p488@epilepsycare.in,Epi-umeNL4!
P489,p489@epilepsycare.in,Epi-KIZ3tV!
P490,p490@epilepsycare.in,Epi-522GCx!
P491,p491@epilepsycare.in,Epi-LA47to!
P492,p492@epilepsycare.in,Epi-OZeW4F!
P493,p493@epilepsycare.in,Epi-biIu9F!
P494,p494@epilepsycare.in,Epi-f5tXMU!
P495,p495@epilepsycare.in,Epi-YPmaX7!
P496,p496@epilepsycare.in,Epi-r6Y10w!
P497,p497@epilepsycare.in,Epi-IngHaV!
P498,p498@epilepsycare.in,Epi-4Og35N!
P499,p499@epilepsycare.in,Epi-27eLiJ!
P500,p500@epilepsycare.in,Epi-CYLzdk!
P501,p501@epilepsycare.in,Epi-Atb2DO!
P502,p502@epilepsycare.in,Epi-0n4eHL!
P503,p503@epilepsycare.in,Epi-WqIXF5!
P504,p504@epilepsycare.in,Epi-st6qIV!
P505,p505@epilepsycare.in,Epi-NkyIhB!
P506,p506@epilepsycare.in,Epi-vnkQEU!
P507,p507@epilepsycare.in,Epi-jAjwWI!
P508,p508@epilepsycare.in,Epi-NNGaZa!
P509,p509@epilepsycare.in,Epi-dta9Hu!
P510,p510@epilepsycare.in,Epi-a9fMM6!
P511,p511@epilepsycare.in,Epi-WWOtMy!
P512,p512@epilepsycare.in,Epi-p9CFim!
P513,p513@epilepsycare.in,Epi-eebfaJ!
P514,p514@epilepsycare.in,Epi-vl7wkg!
P515,p515@epilepsycare.in,Epi-XKEE7V!
P516,p516@epilepsycare.in,Epi-pC0W1s!
P517,p517@epilepsycare.in,Epi-K0Ujf8!
P518,p518@epilepsycare.in,Epi-S5CLab!
P519,p519@epilepsycare.in,Epi-9EqrFC!
P520,p520@epilepsycare.in,Epi-J1lRm4!
P521,p521@epilepsycare.in,Epi-8FfxYb!
P522,p522@epilepsycare.in,Epi-7F4AKb!
P523,p523@epilepsycare.in,Epi-EkNuAU!
P524,p524@epilepsycare.in,Epi-URoQTD!
P525,p525@epilepsycare.in,Epi-XWnGrU!
P526,p526@epilepsycare.in,Epi-RyFaK1!
P527,p527@epilepsycare.in,Epi-RIqCSc!
P528,p528@epilepsycare.in,Epi-NZopH0!
P529,p529@epilepsycare.in,Epi-z37hJw!
P530,p530@epilepsycare.in,Epi-igqGq5!
P531,p531@epilepsycare.in,Epi-iMC8RO!
P532,p532@epilepsycare.in,Epi-DrgQnA!
P533,p533@epilepsycare.in,Epi-RV3Yca!
P534,p534@epilepsycare.in,Epi-p4rbwo!
P535,p535@epilepsycare.in,Epi-xx64Y7!
P536,p536@epilepsycare.in,Epi-1lkr0i!
P537,p537@epilepsycare.in,Epi-AgcxDN!
P538,p538@epilepsycare.in,Epi-jA38Qn!
P539,p539@epilepsycare.in,Epi-bj08FD!
P540,p540@epilepsycare.in,Epi-DXZ1XM!
P541,p541@epilepsycare.in,Epi-cBeWcM!
P542,p542@epilepsycare.in,Epi-wzHihQ!
P543,p543@epilepsycare.in,Epi-RnQipZ!
P544,p544@epilepsycare.in,Epi-2jOmtM!
P545,p545@epilepsycare.in,Epi-RD19Yh!
P546,p546@epilepsycare.in,Epi-VMwPsG!
P547,p547@epilepsycare.in,Epi-ecT3j4!
P548,p548@epilepsycare.in,Epi-9ClDaR!
P549,p549@epilepsycare.in,Epi-V1fkOk!
P550,p550@epilepsycare.in,Epi-tCYsSF!
P551,p551@epilepsycare.in,Epi-rJMCmP!
P552,p552@epilepsycare.in,Epi-NTsFQg!
P553,p553@epilepsycare.in,Epi-siXdJj!
P554,p554@epilepsycare.in,Epi-eN3iL7!
P555,p555@epilepsycare.in,Epi-Rb3yZV!
P556,p556@epilepsycare.in,Epi-4562S3!
P557,p557@epilepsycare.in,Epi-z2NRRw!
P558,p558@epilepsycare.in,Epi-HgXrAj!
P559,p559@epilepsycare.in,Epi-NNL99Y!
P560,p560@epilepsycare.in,Epi-yXaYcM!
P561,p561@epilepsycare.in,Epi-d7ZtSz!
P562,p562@epilepsycare.in,Epi-wgSq5e!
P563,p563@epilepsycare.in,Epi-LXKQQV!
P564,p564@epilepsycare.in,Epi-5uJvAG!
P565,p565@epilepsycare.in,Epi-xaYK0a!
P566,p566@epilepsycare.in,Epi-eAYvow!
P567,p567@epilepsycare.in,Epi-7plaAd!
P568,p568@epilepsycare.in,Epi-d8UG5j!
P569,p569@epilepsycare.in,Epi-Xa0pB4!
P570,p570@epilepsycare.in,Epi-Pdf2qL!
P571,p571@epilepsycare.in,Epi-RftepO!
P572,p572@epilepsycare.in,Epi-BzD1xJ!
P573,p573@epilepsycare.in,Epi-BscJr5!
P574,p574@epilepsycare.in,Epi-w1poaD!
P575,p575@epilepsycare.in,Epi-bnTZIg!
P576,p576@epilepsycare.in,Epi-lw4TIg!
P577,p577@epilepsycare.in,Epi-HqzGIp!
P578,p578@epilepsycare.in,Epi-ge6PsZ!
P579,p579@epilepsycare.in,Epi-u8v2qM!
P580,p580@epilepsycare.in,Epi-0ACFB0!
P581,p581@epilepsycare.in,Epi-dvgPGn!
P582,p582@epilepsycare.in,Epi-2880te!
P583,p583@epilepsycare.in,Epi-I1fFm9!
P584,p584@epilepsycare.in,Epi-Mfi1jU!
P585,p585@epilepsycare.in,Epi-8wgRsJ!
P586,p586@epilepsycare.in,Epi-3cze7V!
P587,p587@epilepsycare.in,Epi-s6wvCq!
P588,p588@epilepsycare.in,Epi-XACLlu!
P589,p589@epilepsycare.in,Epi-irVECE!
P590,p590@epilepsycare.in,Epi-psYI02!
P591,p591@epilepsycare.in,Epi-X5hjsO!
P592,p592@epilepsycare.in,Epi-vjAY2M!
P593,p593@epilepsycare.in,Epi-q6jxUB!
P594,p594@epilepsycare.in,Epi-wTYceO!
P595,p595@epilepsycare.in,Epi-ydyOjX!
P596,p596@epilepsycare.in,Epi-gdOu0Z!
P597,p597@epilepsycare.in,Epi-KOZSiv!
P598,p598@epilepsycare.in,Epi-4KsN5t!
P599,p599@epilepsycare.in,Epi-HY9KNy!
P600,p600@epilepsycare.in,Epi-5J8lQt!
P601,p601@epilepsycare.in,Epi-nf0KoE!
P602,p602@epilepsycare.in,Epi-mjPSzm!
P603,p603@epilepsycare.in,Epi-Hc6L2w!
P604,p604@epilepsycare.in,Epi-hLs95k!
P605,p605@epilepsycare.in,Epi-fEW3nM!
P606,p606@epilepsycare.in,Epi-uBQaqp!
P607,p607@epilepsycare.in,Epi-gRa68D!
P608,p608@epilepsycare.in,Epi-ORQmIA!
P609,p609@epilepsycare.in,Epi-FIqQZL!
P610,p610@epilepsycare.in,Epi-AhdtMS!
P611,p611@epilepsycare.in,Epi-YdjSxT!
P612,p612@epilepsycare.in,Epi-vPUkOh!
P613,p613@epilepsycare.in,Epi-CE1UJO!
P614,p614@epilepsycare.in,Epi-O7ATXI!
P615,p615@epilepsycare.in,Epi-9uphke!
P616,p616@epilepsycare.in,Epi-3VRMxu!
P617,p617@epilepsycare.in,Epi-FHa7lM!
P618,p618@epilepsycare.in,Epi-A4Lh7o!
P619,p619@epilepsycare.in,Epi-M2s4J6!
P620,p620@epilepsycare.in,Epi-o8Uzmo!
P621,p621@epilepsycare.in,Epi-ifhDi0!
P622,p622@epilepsycare.in,Epi-fzAElw!
P623,p623@epilepsycare.in,Epi-e3W16s!
P624,p624@epilepsycare.in,Epi-iyPDLU!
P625,p625@epilepsycare.in,Epi-xRyKh6!
P626,p626@epilepsycare.in,Epi-dFkhx8!
P627,p627@epilepsycare.in,Epi-p8UmvW!
P628,p628@epilepsycare.in,Epi-ZfvQ17!
P629,p629@epilepsycare.in,Epi-iHZ4ir!
P630,p630@epilepsycare.in,Epi-xlprJM!
P631,p631@epilepsycare.in,Epi-ZunPr0!
P632,p632@epilepsycare.in,Epi-vWhv27!
P633,p633@epilepsycare.in,Epi-cFyfFQ!
P634,p634@epilepsycare.in,Epi-Tmwuiz!
P635,p635@epilepsycare.in,Epi-MPRHdq!
P636,p636@epilepsycare.in,Epi-GYtaqH!
P637,p637@epilepsycare.in,Epi-TO8n10!
P638,p638@epilepsycare.in,Epi-aXtSKa!
P639,p639@epilepsycare.in,Epi-cq8W6X!
P640,p640@epilepsycare.in,Epi-HU7Xaw!
P641,p641@epilepsycare.in,Epi-2yc3uL!
P642,p642@epilepsycare.in,Epi-cfjsP9!
P643,p643@epilepsycare.in,Epi-UcZWQj!
P644,p644@epilepsycare.in,Epi-sutBPM!
P645,p645@epilepsycare.in,Epi-doNUpp!
P646,p646@epilepsycare.in,Epi-lsYuME!
P647,p647@epilepsycare.in,Epi-xISpwh!
P648,p648@epilepsycare.in,Epi-FQz2Io!
P649,p649@epilepsycare.in,Epi-scy4pL!
P650,p650@epilepsycare.in,Epi-lGJwHe!
P651,p651@epilepsycare.in,Epi-q6ESzp!
P652,p652@epilepsycare.in,Epi-2qj0Iv!
P653,p653@epilepsycare.in,Epi-wIpswz!
P654,p654@epilepsycare.in,Epi-uCHU9a!
P655,p655@epilepsycare.in,Epi-9A5nOB!
P656,p656@epilepsycare.in,Epi-IheeVI!
P657,p657@epilepsycare.in,Epi-XRU2Oq!
P658,p658@epilepsycare.in,Epi-BqfFsi!
P659,p659@epilepsycare.in,Epi-j9Pq2d!
P660,p660@epilepsycare.in,Epi-kfxnDa!
P661,p661@epilepsycare.in,Epi-JTH7V4!
P662,p662@epilepsycare.in,Epi-guzUvj!
P663,p663@epilepsycare.in,Epi-hVNpOp!
P664,p664@epilepsycare.in,Epi-7WynKl!
P665,p665@epilepsycare.in,Epi-2eRekY!
P666,p666@epilepsycare.in,Epi-DYyhfZ!
P667,p667@epilepsycare.in,Epi-flLs9Q!
P668,p668@epilepsycare.in,Epi-VYsUEP!
P669,p669@epilepsycare.in,Epi-0TCRDZ!
P670,p670@epilepsycare.in,Epi-896MHl!
P671,p671@epilepsycare.in,Epi-muTUak!
P672,p672@epilepsycare.in,Epi-zDeRPa!
P673,p673@epilepsycare.in,Epi-8x384t!
P674,p674@epilepsycare.in,Epi-xW6Mpr!
P675,p675@epilepsycare.in,Epi-oNTclF!
P676,p676@epilepsycare.in,Epi-Nw2y3y!
P677,p677@epilepsycare.in,Epi-0CjXn9!
P678,p678@epilepsycare.in,Epi-ufujBc!
P679,p679@epilepsycare.in,Epi-uAGKaz!
P680,p680@epilepsycare.in,Epi-hyGs7m!
P681,p681@epilepsycare.in,Epi-LuE9cc!
P682,p682@epilepsycare.in,Epi-Q2zvOs!
P683,p683@epilepsycare.in,Epi-h0LdyR!
P684,p684@epilepsycare.in,Epi-VLpWxA!
P685,p685@epilepsycare.in,Epi-zhwdWo!
P686,p686@epilepsycare.in,Epi-2fXFpG!
P687,p687@epilepsycare.in,Epi-Dst8j3!
P688,p688@epilepsycare.in,Epi-gdKiWO!
P689,p689@epilepsycare.in,Epi-aHnclN!
P690,p690@epilepsycare.in,Epi-xnttJB!
P691,p691@epilepsycare.in,Epi-bICfvu!
P692,p692@epilepsycare.in,Epi-UUSmqv!
P693,p693@epilepsycare.in,Epi-o7gIIG!
P694,p694@epilepsycare.in,Epi-bl8dvX!
P695,p695@epilepsycare.in,Epi-SFcTi1!
P696,p696@epilepsycare.in,Epi-b8fMyT!
P697,p697@epilepsycare.in,Epi-c7oqRK!
P698,p698@epilepsycare.in,Epi-vX63lB!
P699,p699@epilepsycare.in,Epi-EFsIra!
P700,p700@epilepsycare.in,Epi-10vI2Z!
P701,p701@epilepsycare.in,Epi-xGY4N7!
P702,p702@epilepsycare.in,Epi-EIJXJb!
P703,p703@epilepsycare.in,Epi-lrYg3o!
P704,p704@epilepsycare.in,Epi-vCYVUC!
P705,p705@epilepsycare.in,Epi-9GQRb4!
P706,p706@epilepsycare.in,Epi-LuYGDw!
P707,p707@epilepsycare.in,Epi-mPQWuU!
P708,p708@epilepsycare.in,Epi-9xgmgs!
P709,p709@epilepsycare.in,Epi-AYEJ0P!
P710,p710@epilepsycare.in,Epi-z8QFNY!
P711,p711@epilepsycare.in,Epi-EpV4uD!
P712,p712@epilepsycare.in,Epi-H92uMf!
P713,p713@epilepsycare.in,Epi-a63fDY!
P714,p714@epilepsycare.in,Epi-OK5kfP!
P715,p715@epilepsycare.in,Epi-Eg31tB!
P716,p716@epilepsycare.in,Epi-vEXCCR!
P717,p717@epilepsycare.in,Epi-lOakIB!
P718,p718@epilepsycare.in,Epi-fYWpI9!
P719,p719@epilepsycare.in,Epi-aFgUAA!
P720,p720@epilepsycare.in,Epi-vCIyKz!
P721,p721@epilepsycare.in,Epi-HFzIwn!
P722,p722@epilepsycare.in,Epi-lyzQP5!
P723,p723@epilepsycare.in,Epi-WSwzE3!
P724,p724@epilepsycare.in,Epi-bSaOUi!
P725,p725@epilepsycare.in,Epi-y0YWZr!
P726,p726@epilepsycare.in,Epi-Li4Bep!
P727,p727@epilepsycare.in,Epi-WbHsWv!
P728,p728@epilepsycare.in,Epi-tBfGB2!
P729,p729@epilepsycare.in,Epi-19nLTF!
P730,p730@epilepsycare.in,Epi-MaXW3z!
P731,p731@epilepsycare.in,Epi-b4rjYB!
P732,p732@epilepsycare.in,Epi-dZgK00!
P733,p733@epilepsycare.in,Epi-ZOBF3U!
P734,p734@epilepsycare.in,Epi-JNzYLu!
P735,p735@epilepsycare.in,Epi-BBeeLo!
P736,p736@epilepsycare.in,Epi-NbFWlH!
P737,p737@epilepsycare.in,Epi-0eomCW!
P738,p738@epilepsycare.in,Epi-rQK3k1!
P739,p739@epilepsycare.in,Epi-yvLKzd!
P740,p740@epilepsycare.in,Epi-i5xSTS!
P741,p741@epilepsycare.in,Epi-te1x1l!
P742,p742@epilepsycare.in,Epi-8bfDTo!
P743,p743@epilepsycare.in,Epi-ANzwwM!
P744,p744@epilepsycare.in,Epi-jwDd48!
P745,p745@epilepsycare.in,Epi-iima1l!
P746,p746@epilepsycare.in,Epi-pq3YJg!
P747,p747@epilepsycare.in,Epi-J5qOjn!
P748,p748@epilepsycare.in,Epi-CohrfR!
P749,p749@epilepsycare.in,Epi-UdX2Jb!
P750,p750@epilepsycare.in,Epi-7r4Zrx!
P751,p751@epilepsycare.in,Epi-oTkQ7T!
P752,p752@epilepsycare.in,Epi-rdrSn6!
P753,p753@epilepsycare.in,Epi-ibYtXT!
P754,p754@epilepsycare.in,Epi-X18F44!
P755,p755@epilepsycare.in,Epi-8m0oKy!
P756,p756@epilepsycare.in,Epi-A8Xkly!
P757,p757@epilepsycare.in,Epi-vFPKZr!
P758,p758@epilepsycare.in,Epi-D8cB1O!
P759,p759@epilepsycare.in,Epi-DOPk89!
P760,p760@epilepsycare.in,Epi-7AEm9T!
P761,p761@epilepsycare.in,Epi-aVI41s!
P762,p762@epilepsycare.in,Epi-Ba0LMv!
P763,p763@epilepsycare.in,Epi-TcmWeC!
P764,p764@epilepsycare.in,Epi-wKBW5x!
P765,p765@epilepsycare.in,Epi-uZIbKX!
P766,p766@epilepsycare.in,Epi-tokgIP!
P767,p767@epilepsycare.in,Epi-bFHDga!
P768,p768@epilepsycare.in,Epi-fQJLCL!
P769,p769@epilepsycare.in,Epi-lZU3RU!
P770,p770@epilepsycare.in,Epi-4J2eP2!
P771,p771@epilepsycare.in,Epi-G9giih!
P772,p772@epilepsycare.in,Epi-xZQaUQ!
P773,p773@epilepsycare.in,Epi-wZVYf9!
P774,p774@epilepsycare.in,Epi-QPt7Np!
P775,p775@epilepsycare.in,Epi-N8ZafG!
P776,p776@epilepsycare.in,Epi-P0aqFz!
P777,p777@epilepsycare.in,Epi-2ytUsL!
P778,p778@epilepsycare.in,Epi-KWldnY!
P779,p779@epilepsycare.in,Epi-HlYP8P!
P780,p780@epilepsycare.in,Epi-1uESAh!
P781,p781@epilepsycare.in,Epi-ziC7n4!
P782,p782@epilepsycare.in,Epi-IG6ahD!
P783,p783@epilepsycare.in,Epi-hpjaPE!
P784,p784@epilepsycare.in,Epi-vLgiPr!
P785,p785@epilepsycare.in,Epi-OhStVW!
P786,p786@epilepsycare.in,Epi-nqmtRG!
P787,p787@epilepsycare.in,Epi-K4rPhL!
P788,p788@epilepsycare.in,Epi-q7qzie!
P789,p789@epilepsycare.in,Epi-EQe56x!
P790,p790@epilepsycare.in,Epi-L0zIBk!
P791,p791@epilepsycare.in,Epi-0oEL6c!
P792,p792@epilepsycare.in,Epi-SdPs0G!
P793,p793@epilepsycare.in,Epi-Y6r0px!
P794,p794@epilepsycare.in,Epi-BizRMT!
P795,p795@epilepsycare.in,Epi-PdyXa2!
P796,p796@epilepsycare.in,Epi-IoisMN!
P797,p797@epilepsycare.in,Epi-y2qp6L!
P798,p798@epilepsycare.in,Epi-vyfiob!
P799,p799@epilepsycare.in,Epi-p4hQYj!
P800,p800@epilepsycare.in,Epi-6TnPDC!
P801,p801@epilepsycare.in,Epi-64Ktih!
P802,p802@epilepsycare.in,Epi-2N72fM!
P803,p803@epilepsycare.in,Epi-gl5aWh!
P804,p804@epilepsycare.in,Epi-iiwUQT!
P805,p805@epilepsycare.in,Epi-T5xzdm!
P806,p806@epilepsycare.in,Epi-Q2CMry!
P807,p807@epilepsycare.in,Epi-uWSCFQ!
P808,p808@epilepsycare.in,Epi-XyZkEN!
P809,p809@epilepsycare.in,Epi-v5T7Nq!
P810,p810@epilepsycare.in,Epi-Yegela!
P811,p811@epilepsycare.in,Epi-2Cl3G5!
P812,p812@epilepsycare.in,Epi-uVElAm!
P813,p813@epilepsycare.in,Epi-n2zBp6!
P814,p814@epilepsycare.in,Epi-WZ43H9!
P815,p815@epilepsycare.in,Epi-8xTGJt!
P816,p816@epilepsycare.in,Epi-kPqRUY!
P817,p817@epilepsycare.in,Epi-2H6qmw!
P818,p818@epilepsycare.in,Epi-QXV0ln!
P819,p819@epilepsycare.in,Epi-IEq1mW!
P820,p820@epilepsycare.in,Epi-gg9vzs!
P821,p821@epilepsycare.in,Epi-Xa0Er4!
P822,p822@epilepsycare.in,Epi-wbM16Y!
P823,p823@epilepsycare.in,Epi-AHumbW!
P824,p824@epilepsycare.in,Epi-l6Wtxc!
P825,p825@epilepsycare.in,Epi-K6yAZe!
P826,p826@epilepsycare.in,Epi-JFRYjr!
P827,p827@epilepsycare.in,Epi-oZoKz0!
P828,p828@epilepsycare.in,Epi-EQq1g5!
P829,p829@epilepsycare.in,Epi-eRhAPV!
P830,p830@epilepsycare.in,Epi-EwNm3A!
P831,p831@epilepsycare.in,Epi-VfkCz3!
P832,p832@epilepsycare.in,Epi-phrZ9u!
P833,p833@epilepsycare.in,Epi-GjNwqM!
P834,p834@epilepsycare.in,Epi-Tk5J2l!
P835,p835@epilepsycare.in,Epi-w2JZxM!
P836,p836@epilepsycare.in,Epi-QziJQM!
P837,p837@epilepsycare.in,Epi-V7YrWU!
P838,p838@epilepsycare.in,Epi-qw4JI3!
P839,p839@epilepsycare.in,Epi-thMeKZ!
P840,p840@epilepsycare.in,Epi-CPQXTE!
P841,p841@epilepsycare.in,Epi-ItaBzz!
P842,p842@epilepsycare.in,Epi-nmHTjt!
P843,p843@epilepsycare.in,Epi-3PzQPR!
P844,p844@epilepsycare.in,Epi-S8QrSd!
P845,p845@epilepsycare.in,Epi-IGNOu9!
P846,p846@epilepsycare.in,Epi-oMht4G!
P847,p847@epilepsycare.in,Epi-ob3RFw!
P848,p848@epilepsycare.in,Epi-xzqVpw!
P849,p849@epilepsycare.in,Epi-RyJkOd!
P850,p850@epilepsycare.in,Epi-iw73rS!
P851,p851@epilepsycare.in,Epi-HPluSS!
P852,p852@epilepsycare.in,Epi-29w3ST!
P853,p853@epilepsycare.in,Epi-qS7Mwv!
P854,p854@epilepsycare.in,Epi-AdCjii!
P855,p855@epilepsycare.in,Epi-DWnqwv!
P856,p856@epilepsycare.in,Epi-juKOvh!
P857,p857@epilepsycare.in,Epi-bK7VkX!
P858,p858@epilepsycare.in,Epi-V6SkD5!
P859,p859@epilepsycare.in,Epi-R9WPLc!
P860,p860@epilepsycare.in,Epi-YntfLi!
P861,p861@epilepsycare.in,Epi-yrvgXf!
P862,p862@epilepsycare.in,Epi-KNX7CY!
P863,p863@epilepsycare.in,Epi-sUuqrJ!
P864,p864@epilepsycare.in,Epi-PLbVFb!
P865,p865@epilepsycare.in,Epi-pKIlLN!
P866,p866@epilepsycare.in,Epi-laeHR0!
P867,p867@epilepsycare.in,Epi-sZv6Lt!
P868,p868@epilepsycare.in,Epi-HeHmK3!
P869,p869@epilepsycare.in,Epi-lMsM30!
P870,p870@epilepsycare.in,Epi-v2smQO!
P871,p871@epilepsycare.in,Epi-HlcfRJ!
P872,p872@epilepsycare.in,Epi-dfyi7g!
P873,p873@epilepsycare.in,Epi-sAr8s2!
P874,p874@epilepsycare.in,Epi-8i6dtq!
P875,p875@epilepsycare.in,Epi-Iq4KF2!
P876,p876@epilepsycare.in,Epi-1OhYbP!
P877,p877@epilepsycare.in,Epi-mMsaSz!
P878,p878@epilepsycare.in,Epi-N5KKGr!
P879,p879@epilepsycare.in,Epi-hnTHzQ!
P880,p880@epilepsycare.in,Epi-vE04oq!
P881,p881@epilepsycare.in,Epi-ceX5zY!
P882,p882@epilepsycare.in,Epi-hJ2fXI!
P883,p883@epilepsycare.in,Epi-Cj6IVl!
P884,p884@epilepsycare.in,Epi-c0tUrD!
P885,p885@epilepsycare.in,Epi-tk2lap!
P886,p886@epilepsycare.in,Epi-C4ioxI!
P887,p887@epilepsycare.in,Epi-3jIYUd!
P888,p888@epilepsycare.in,Epi-UAO7vl!
P889,p889@epilepsycare.in,Epi-3AdzsD!
P890,p890@epilepsycare.in,Epi-uBbHwr!
P891,p891@epilepsycare.in,Epi-HK3MlE!
P892,p892@epilepsycare.in,Epi-vzquEV!
P893,p893@epilepsycare.in,Epi-JIKzXO!
P894,p894@epilepsycare.in,Epi-XTIhSv!
P895,p895@epilepsycare.in,Epi-nogOFA!
P896,p896@epilepsycare.in,Epi-Hiqbhg!
P897,p897@epilepsycare.in,Epi-J2y4Vo!
P898,p898@epilepsycare.in,Epi-GQcruf!
P899,p899@epilepsycare.in,Epi-ckXQJL!
P900,p900@epilepsycare.in,Epi-CqF44q!
P901,p901@epilepsycare.in,Epi-PMeAeZ!
P902,p902@epilepsycare.in,Epi-e47HrA!
P903,p903@epilepsycare.in,Epi-pl6Jt5!
P904,p904@epilepsycare.in,Epi-zkzv1K!
P905,p905@epilepsycare.in,Epi-nWRuCY!
P906,p906@epilepsycare.in,Epi-IvN1pE!
P907,p907@epilepsycare.in,Epi-i7MjZx!
P908,p908@epilepsycare.in,Epi-WF0yrx!
P909,p909@epilepsycare.in,Epi-UaQaO8!
P910,p910@epilepsycare.in,Epi-jC0Q4V!
P911,p911@epilepsycare.in,Epi-EjAYt6!
P912,p912@epilepsycare.in,Epi-hervvW!
P913,p913@epilepsycare.in,Epi-1vzfZh!
P914,p914@epilepsycare.in,Epi-IMK5zZ!
P915,p915@epilepsycare.in,Epi-7M3DhF!
P916,p916@epilepsycare.in,Epi-8t2RwR!
P917,p917@epilepsycare.in,Epi-vkz8vz!
P918,p918@epilepsycare.in,Epi-1YlfCg!
P919,p919@epilepsycare.in,Epi-DjNsdk!
P920,p920@epilepsycare.in,Epi-z5wmhR!
P921,p921@epilepsycare.in,Epi-RAce8u!
P922,p922@epilepsycare.in,Epi-aAeaA2!
P923,p923@epilepsycare.in,Epi-o15hTA!
P924,p924@epilepsycare.in,Epi-QLxCMZ!
P925,p925@epilepsycare.in,Epi-UiHR2f!
P926,p926@epilepsycare.in,Epi-YnyAZv!
P927,p927@epilepsycare.in,Epi-5t5LY4!
P928,p928@epilepsycare.in,Epi-0pbqmn!
P929,p929@epilepsycare.in,Epi-Fzw48D!
P930,p930@epilepsycare.in,Epi-GanvvO!
P931,p931@epilepsycare.in,Epi-6aLJrz!
P932,p932@epilepsycare.in,Epi-lVlAAD!
P933,p933@epilepsycare.in,Epi-zblssW!
P934,p934@epilepsycare.in,Epi-lZDMLJ!
P935,p935@epilepsycare.in,Epi-1QL5o7!
P936,p936@epilepsycare.in,Epi-KzwP9e!
P937,p937@epilepsycare.in,Epi-8ccPYq!
P938,p938@epilepsycare.in,Epi-5eOeJP!
P939,p939@epilepsycare.in,Epi-CIRTMR!
P940,p940@epilepsycare.in,Epi-q753F4!
P941,p941@epilepsycare.in,Epi-fQ83D8!
P942,p942@epilepsycare.in,Epi-tIUNoU!
P943,p943@epilepsycare.in,Epi-xm7yxx!
P944,p944@epilepsycare.in,Epi-vzqI8E!
P945,p945@epilepsycare.in,Epi-aNvwsj!
P946,p946@epilepsycare.in,Epi-hAFHpm!
P947,p947@epilepsycare.in,Epi-C0yOwO!
P948,p948@epilepsycare.in,Epi-di1s9I!
P949,p949@epilepsycare.in,Epi-Mx8IUe!
P950,p950@epilepsycare.in,Epi-jEsRmC!
P951,p951@epilepsycare.in,Epi-6CocJk!
P952,p952@epilepsycare.in,Epi-l3GMEy!
P953,p953@epilepsycare.in,Epi-ctF2I9!
P954,p954@epilepsycare.in,Epi-DNzkyH!
P955,p955@epilepsycare.in,Epi-DQGi5w!
P956,p956@epilepsycare.in,Epi-3dszmm!
P957,p957@epilepsycare.in,Epi-aPk85u!
P958,p958@epilepsycare.in,Epi-dJewOC!
P959,p959@epilepsycare.in,Epi-hlM7uw!
P960,p960@epilepsycare.in,Epi-FBa2H4!
P961,p961@epilepsycare.in,Epi-AyHxPe!
P962,p962@epilepsycare.in,Epi-avg6HE!
P963,p963@epilepsycare.in,Epi-0rbFre!
P964,p964@epilepsycare.in,Epi-VLbHe1!
P965,p965@epilepsycare.in,Epi-J0YEQD!
P966,p966@epilepsycare.in,Epi-zpeb4b!
P967,p967@epilepsycare.in,Epi-ekeVuo!
P968,p968@epilepsycare.in,Epi-L9pDGa!
P969,p969@epilepsycare.in,Epi-fmiuZs!
P970,p970@epilepsycare.in,Epi-fxBVxA!
P971,p971@epilepsycare.in,Epi-P80zGr!
P972,p972@epilepsycare.in,Epi-dXGXDW!
P973,p973@epilepsycare.in,Epi-gJncU7!
P974,p974@epilepsycare.in,Epi-lGi5oR!
P975,p975@epilepsycare.in,Epi-gmf5Ti!
P976,p976@epilepsycare.in,Epi-MOk0m2!
P977,p977@epilepsycare.in,Epi-pTVP9e!
P978,p978@epilepsycare.in,Epi-swwekv!
P979,p979@epilepsycare.in,Epi-H03qiL!
P980,p980@epilepsycare.in,Epi-5QIvV3!
P981,p981@epilepsycare.in,Epi-L3F4Nd!
P982,p982@epilepsycare.in,Epi-eIM7dr!
P983,p983@epilepsycare.in,Epi-jixYIS!
P984,p984@epilepsycare.in,Epi-FHi9Dt!
P985,p985@epilepsycare.in,Epi-rYIIC1!
P986,p986@epilepsycare.in,Epi-2sP5ER!
P987,p987@epilepsycare.in,Epi-BacayQ!
P988,p988@epilepsycare.in,Epi-wOEZT4!
P989,p989@epilepsycare.in,Epi-T5BVMi!
P990,p990@epilepsycare.in,Epi-z07qtt!
P991,p991@epilepsycare.in,Epi-OnIJs7!
P992,p992@epilepsycare.in,Epi-MpgKO9!
P993,p993@epilepsycare.in,Epi-Z4x93w!
P994,p994@epilepsycare.in,Epi-EtrO6y!
P995,p995@epilepsycare.in,Epi-U6MmgL!
P996,p996@epilepsycare.in,Epi-j7upIz!
P997,p997@epilepsycare.in,Epi-e24r1n!
P998,p998@epilepsycare.in,Epi-vDKQ8C!
P999,p999@epilepsycare.in,Epi-y3uEdZ!
P1000,p1000@epilepsycare.in,Epi-ZvVO8A!
P1001,p1001@epilepsycare.in,Epi-xxro93!
P1002,p1002@epilepsycare.in,Epi-Rj0pkW!
P1003,p1003@epilepsycare.in,Epi-W7b4Mo!
P1004,p1004@epilepsycare.in,Epi-ljnqIk!
P1005,p1005@epilepsycare.in,Epi-KNEJAs!
P1006,p1006@epilepsycare.in,Epi-4X3Pz1!
P1007,p1007@epilepsycare.in,Epi-eze9Qk!
P1008,p1008@epilepsycare.in,Epi-kX867X!
P1009,p1009@epilepsycare.in,Epi-QSQXiG!
P1010,p1010@epilepsycare.in,Epi-HzGzdx!
P1011,p1011@epilepsycare.in,Epi-O7Feys!
P1012,p1012@epilepsycare.in,Epi-jcOc6e!
P1013,p1013@epilepsycare.in,Epi-RQ3S1T!
P1014,p1014@epilepsycare.in,Epi-HzTNFJ!
P1015,p1015@epilepsycare.in,Epi-38mJJ3!
P1016,p1016@epilepsycare.in,Epi-vsbRXk!
P1017,p1017@epilepsycare.in,Epi-BfY4VA!
P1018,p1018@epilepsycare.in,Epi-n4N7oj!
P1019,p1019@epilepsycare.in,Epi-SG50Bx!
P1020,p1020@epilepsycare.in,Epi-C3liaz!
P1021,p1021@epilepsycare.in,Epi-GWksX3!
P1022,p1022@epilepsycare.in,Epi-vOMruP!
P1023,p1023@epilepsycare.in,Epi-g8TEND!
P1024,p1024@epilepsycare.in,Epi-CbZebc!
P1025,p1025@epilepsycare.in,Epi-EAXSY2!
P1026,p1026@epilepsycare.in,Epi-FTCEVj!
P1027,p1027@epilepsycare.in,Epi-j4BkM5!
P1028,p1028@epilepsycare.in,Epi-O8gOzB!
P1029,p1029@epilepsycare.in,Epi-3D9gwQ!
P1030,p1030@epilepsycare.in,Epi-o9QBfH!
P1031,p1031@epilepsycare.in,Epi-8Pi249!
P1032,p1032@epilepsycare.in,Epi-SgpALZ!
P1033,p1033@epilepsycare.in,Epi-K9Mpnc!
P1034,p1034@epilepsycare.in,Epi-nxoro7!
P1035,p1035@epilepsycare.in,Epi-UWOxg0!
P1036,p1036@epilepsycare.in,Epi-ZKISj5!
P1037,p1037@epilepsycare.in,Epi-d4knbO!
P1038,p1038@epilepsycare.in,Epi-DrpcUC!
P1039,p1039@epilepsycare.in,Epi-iGtYMM!
P1040,p1040@epilepsycare.in,Epi-OxKUMd!
P1041,p1041@epilepsycare.in,Epi-2nQq7M!
P1042,p1042@epilepsycare.in,Epi-xSurnk!
P1043,p1043@epilepsycare.in,Epi-uD2Nir!
P1044,p1044@epilepsycare.in,Epi-0pme7d!
P1045,p1045@epilepsycare.in,Epi-IJoCjC!
P1046,p1046@epilepsycare.in,Epi-5qy4dO!
P1047,p1047@epilepsycare.in,Epi-tBg3QB!
P1048,p1048@epilepsycare.in,Epi-hp2e6X!
P1049,p1049@epilepsycare.in,Epi-0XGIQO!
P1050,p1050@epilepsycare.in,Epi-VITkfH!
P1051,p1051@epilepsycare.in,Epi-DKuOLq!
P1052,p1052@epilepsycare.in,Epi-oroTid!
P1053,p1053@epilepsycare.in,Epi-EUMJkR!
P1054,p1054@epilepsycare.in,Epi-nSzGcX!
P1055,p1055@epilepsycare.in,Epi-grIhqa!
P1056,p1056@epilepsycare.in,Epi-2hH7yd!
P1057,p1057@epilepsycare.in,Epi-NLfanh!
P1058,p1058@epilepsycare.in,Epi-cagUU2!
P1059,p1059@epilepsycare.in,Epi-s7nqQt!
P1060,p1060@epilepsycare.in,Epi-kk8rXi!
P1061,p1061@epilepsycare.in,Epi-oFYyGN!
P1062,p1062@epilepsycare.in,Epi-unYoC4!
P1063,p1063@epilepsycare.in,Epi-InbPay!
P1064,p1064@epilepsycare.in,Epi-yXh5nL!
P1065,p1065@epilepsycare.in,Epi-rw5Np0!
P1066,p1066@epilepsycare.in,Epi-XNIBzA!
P1067,p1067@epilepsycare.in,Epi-DjUIBv!
P1068,p1068@epilepsycare.in,Epi-6egB1C!
P1069,p1069@epilepsycare.in,Epi-0WYWb7!
P1070,p1070@epilepsycare.in,Epi-RTv5T3!
P1071,p1071@epilepsycare.in,Epi-WiIiTJ!
P1072,p1072@epilepsycare.in,Epi-sYN1Tn!
P1073,p1073@epilepsycare.in,Epi-oqJOWy!
P1074,p1074@epilepsycare.in,Epi-k3BLKr!
P1075,p1075@epilepsycare.in,Epi-FUndO3!
P1076,p1076@epilepsycare.in,Epi-h0JyeD!
P1077,p1077@epilepsycare.in,Epi-GJ3aPU!
P1078,p1078@epilepsycare.in,Epi-vtZ6Vv!
P1079,p1079@epilepsycare.in,Epi-T9gzQG!
P1080,p1080@epilepsycare.in,Epi-GEufhY!
P1081,p1081@epilepsycare.in,Epi-aNozXF!
P1082,p1082@epilepsycare.in,Epi-09gMGY!
P1083,p1083@epilepsycare.in,Epi-MzkxiT!
P1084,p1084@epilepsycare.in,Epi-X8glHs!
P1085,p1085@epilepsycare.in,Epi-6MbmHh!
P1086,p1086@epilepsycare.in,Epi-JEwKPY!
P1087,p1087@epilepsycare.in,Epi-hxgagg!
P1088,p1088@epilepsycare.in,Epi-UCDkJw!
P1089,p1089@epilepsycare.in,Epi-8ENaKF!
P1090,p1090@epilepsycare.in,Epi-9T9J7i!
P1091,p1091@epilepsycare.in,Epi-Yf3aA2!
P1092,p1092@epilepsycare.in,Epi-jYSHQ4!
P1093,p1093@epilepsycare.in,Epi-qWhiew!
P1094,p1094@epilepsycare.in,Epi-XiLtCj!
P1095,p1095@epilepsycare.in,Epi-0YWErj!
P1096,p1096@epilepsycare.in,Epi-q97Dvd!
P1097,p1097@epilepsycare.in,Epi-LoA3tK!
P1098,p1098@epilepsycare.in,Epi-p0Xg7Z!
P1099,p1099@epilepsycare.in,Epi-NjA4va!
P1100,p1100@epilepsycare.in,Epi-kM5ojE!
P1101,p1101@epilepsycare.in,Epi-76lBnc!
P1102,p1102@epilepsycare.in,Epi-fYlytZ!
P1103,p1103@epilepsycare.in,Epi-mMI3Da!
P1104,p1104@epilepsycare.in,Epi-3Pa0ON!
P1105,p1105@epilepsycare.in,Epi-3iBFin!
P1106,p1106@epilepsycare.in,Epi-9rtCbD!
P1107,p1107@epilepsycare.in,Epi-8jXrw7!
P1108,p1108@epilepsycare.in,Epi-YBfMYT!
P1109,p1109@epilepsycare.in,Epi-ChIGOs!
P1110,p1110@epilepsycare.in,Epi-yEzF4R!
P1111,p1111@epilepsycare.in,Epi-xNzCKD!
P1112,p1112@epilepsycare.in,Epi-4U83qV!
P1113,p1113@epilepsycare.in,Epi-k1Nzfy!
P1114,p1114@epilepsycare.in,Epi-wsOXgN!
P1115,p1115@epilepsycare.in,Epi-Ed53IX!
P1116,p1116@epilepsycare.in,Epi-E6ddu2!
P1117,p1117@epilepsycare.in,Epi-ORBCJz!
P1118,p1118@epilepsycare.in,Epi-JUqogX!
P1119,p1119@epilepsycare.in,Epi-bziW0O!
P1120,p1120@epilepsycare.in,Epi-tFTT7i!
P1121,p1121@epilepsycare.in,Epi-Yd3RXg!
P1122,p1122@epilepsycare.in,Epi-Loe7au!
P1123,p1123@epilepsycare.in,Epi-Wmg3js!
P1124,p1124@epilepsycare.in,Epi-3lK59v!
P1125,p1125@epilepsycare.in,Epi-sZXPss!
P1126,p1126@epilepsycare.in,Epi-MNTWLQ!
P1127,p1127@epilepsycare.in,Epi-Poz6Pf!
P1128,p1128@epilepsycare.in,Epi-cDn9tM!
P1129,p1129@epilepsycare.in,Epi-edhV0c!
P1130,p1130@epilepsycare.in,Epi-Pmgw1Z!
P1131,p1131@epilepsycare.in,Epi-7EURvg!
P1132,p1132@epilepsycare.in,Epi-8TScXn!
P1133,p1133@epilepsycare.in,Epi-IbvxVI!
P1134,p1134@epilepsycare.in,Epi-QigPoo!
P1135,p1135@epilepsycare.in,Epi-nde717!
P1136,p1136@epilepsycare.in,Epi-7yIDSS!
P1137,p1137@epilepsycare.in,Epi-jG1KVy!
P1138,p1138@epilepsycare.in,Epi-dgv8zz!
P1139,p1139@epilepsycare.in,Epi-6NsV1O!
P1140,p1140@epilepsycare.in,Epi-OxgNbZ!
P1141,p1141@epilepsycare.in,Epi-mBtBPY!
P1142,p1142@epilepsycare.in,Epi-BCqwnN!
P1143,p1143@epilepsycare.in,Epi-DCGZWJ!
P1144,p1144@epilepsycare.in,Epi-KWPunZ!
P1145,p1145@epilepsycare.in,Epi-g4Reqi!
P1146,p1146@epilepsycare.in,Epi-SxUjnm!
P1147,p1147@epilepsycare.in,Epi-it3m4Y!
P1148,p1148@epilepsycare.in,Epi-7p24cC!
P1149,p1149@epilepsycare.in,Epi-NEOkk9!
P1150,p1150@epilepsycare.in,Epi-FtUfn1!
P1151,p1151@epilepsycare.in,Epi-8iXloC!
P1152,p1152@epilepsycare.in,Epi-KO8NNG!
P1153,p1153@epilepsycare.in,Epi-nDEJLk!
P1154,p1154@epilepsycare.in,Epi-CbPehs!
P1155,p1155@epilepsycare.in,Epi-aYIqCu!
P1156,p1156@epilepsycare.in,Epi-GxjK1d!
P1157,p1157@epilepsycare.in,Epi-NxWLsb!
P1158,p1158@epilepsycare.in,Epi-KCtJIj!
P1159,p1159@epilepsycare.in,Epi-pY7pUi!
P1160,p1160@epilepsycare.in,Epi-CZW8aw!
P1161,p1161@epilepsycare.in,Epi-VcOl7d!
P1162,p1162@epilepsycare.in,Epi-dIYXjB!
P1163,p1163@epilepsycare.in,Epi-IQsYf7!
P1164,p1164@epilepsycare.in,Epi-RvFiYE!
P1165,p1165@epilepsycare.in,Epi-RF79ht!
P1166,p1166@epilepsycare.in,Epi-nGgUxS!
P1167,p1167@epilepsycare.in,Epi-lBahQZ!
P1168,p1168@epilepsycare.in,Epi-nPjN8n!
P1169,p1169@epilepsycare.in,Epi-eNcoQF!
P1170,p1170@epilepsycare.in,Epi-vLzmfO!
P1171,p1171@epilepsycare.in,Epi-RpiQKA!
P1172,p1172@epilepsycare.in,Epi-hBG0Sf!
P1173,p1173@epilepsycare.in,Epi-7TQQMj!
P1174,p1174@epilepsycare.in,Epi-9lDsdX!
P1175,p1175@epilepsycare.in,Epi-H46J8k!
P1176,p1176@epilepsycare.in,Epi-G4kh4W!
P1177,p1177@epilepsycare.in,Epi-Y5rAEY!
P1178,p1178@epilepsycare.in,Epi-rAiWvm!
P1179,p1179@epilepsycare.in,Epi-E3JN8u!
P1180,p1180@epilepsycare.in,Epi-FsTaCf!
P1181,p1181@epilepsycare.in,Epi-JPSJ2s!
P1182,p1182@epilepsycare.in,Epi-0m7UAO!
P1183,p1183@epilepsycare.in,Epi-Y4HnDv!
P1184,p1184@epilepsycare.in,Epi-op4GRS!
P1185,p1185@epilepsycare.in,Epi-aTtbKZ!
P1186,p1186@epilepsycare.in,Epi-Q9lFzG!
P1187,p1187@epilepsycare.in,Epi-SFQ0Io!
P1188,p1188@epilepsycare.in,Epi-IRcJtB!
P1189,p1189@epilepsycare.in,Epi-0xFO0z!
P1190,p1190@epilepsycare.in,Epi-oVkkKY!
P1191,p1191@epilepsycare.in,Epi-3LAKoQ!
P1192,p1192@epilepsycare.in,Epi-LaUgt5!
P1193,p1193@epilepsycare.in,Epi-aDn9mI!
P1194,p1194@epilepsycare.in,Epi-FiD9VO!
P1195,p1195@epilepsycare.in,Epi-8oTCZz!
P1196,p1196@epilepsycare.in,Epi-61QBVy!
P1197,p1197@epilepsycare.in,Epi-dX5zO7!
P1198,p1198@epilepsycare.in,Epi-073J03!
P1199,p1199@epilepsycare.in,Epi-DJgfyJ!
P1200,p1200@epilepsycare.in,Epi-1CTrtn!
P1201,p1201@epilepsycare.in,Epi-fdi339!
P1202,p1202@epilepsycare.in,Epi-1RXISC!
P1203,p1203@epilepsycare.in,Epi-o1H5WA!
P1204,p1204@epilepsycare.in,Epi-SuRQTq!
P1205,p1205@epilepsycare.in,Epi-y6QtUf!
P1206,p1206@epilepsycare.in,Epi-kQUDLA!
P1207,p1207@epilepsycare.in,Epi-d48U70!
P1208,p1208@epilepsycare.in,Epi-6VZkmS!
P1209,p1209@epilepsycare.in,Epi-6gzL2W!
P1210,p1210@epilepsycare.in,Epi-hJL1DD!
P1211,p1211@epilepsycare.in,Epi-CepmA7!
