registration_date,prescribed_medication
2026-03-17 09:29:46,Valproic Acid
2026-05-10 23:07:30,Levetiracetam
2026-01-19 01:31:36,Levetiracetam + Lamotrigine
2026-02-27 18:21:11,Levetiracetam
2026-04-17 20:18:01,Lamotrigine
2026-03-15 07:50:28,Lamotrigine + Levetiracetam + Topiramate
2026-05-20 12:43:25,Topiramate
2026-06-05 15:11:01,Lamotrigine
2026-04-09 14:14:46,Phenytoin
2026-04-14 09:07:48,Lamotrigine
2026-04-14 08:59:17,Carbamazepine + Valproic Acid
2026-05-26 16:57:55,Carbamazepine + Levetiracetam
2026-04-16 05:38:52,Carbamazepine
2026-04-28 21:25:41,Oxcarbazepine + Carbamazepine + Lamotrigine
2026-03-03 13:39:39,Levetiracetam + Carbamazepine
2026-03-22 10:05:52,Valproic Acid + Levetiracetam + Carbamazepine
2026-02-11 08:39:10,Levetiracetam
2026-02-19 05:03:25,Valproic Acid
2026-06-12 05:36:25,Levetiracetam
2026-03-03 12:41:01,Levetiracetam
2026-04-12 13:27:48,Topiramate + Levetiracetam
2026-05-09 17:47:01,Levetiracetam + Valproic Acid
2026-05-27 22:33:13,Carbamazepine
2026-05-21 01:05:54,Levetiracetam
2026-02-04 13:15:25,Levetiracetam + Phenytoin
2026-05-18 06:32:09,Valproic Acid + Levetiracetam + Topiramate
2026-03-21 14:09:53,Valproic Acid + Lamotrigine + Levetiracetam
2026-03-15 20:23:35,Carbamazepine
2026-03-23 06:47:18,Levetiracetam
2025-12-22 23:53:16,Levetiracetam + Valproic Acid
2026-01-10 00:37:52,Levetiracetam
2026-05-04 07:20:11,Topiramate
2026-05-08 00:55:26,Phenytoin
2026-03-21 12:05:36,Lamotrigine + Clobazam
2026-04-08 09:08:51,Oxcarbazepine
2026-06-09 03:08:16,Valproic Acid + Levetiracetam
2026-03-03 12:50:33,Oxcarbazepine
2025-12-21 09:08:17,Carbamazepine + Clobazam + Levetiracetam
2026-01-30 21:52:22,Lamotrigine + Carbamazepine
2026-03-03 12:05:11,Levetiracetam + Clobazam + Lamotrigine
2026-03-06 05:37:01,Oxcarbazepine
2026-05-21 11:21:48,Levetiracetam
2026-05-24 22:41:51,Topiramate
2026-01-23 12:03:21,Levetiracetam
2025-12-14 19:44:31,Levetiracetam
2026-01-11 02:59:32,Valproic Acid + Levetiracetam + Lamotrigine
2026-02-13 18:20:10,Levetiracetam + Valproic Acid
2026-02-19 16:34:36,Levetiracetam
2026-01-10 06:46:06,Oxcarbazepine
2026-01-16 14:46:56,Valproic Acid + Levetiracetam
2026-06-04 16:21:18,Valproic Acid + Oxcarbazepine
2026-02-01 21:42:08,Clobazam + Carbamazepine
2026-03-12 05:18:57,Levetiracetam
2026-02-06 13:59:49,Valproic Acid + Carbamazepine + Lamotrigine
2026-06-03 04:56:11,Carbamazepine
2026-02-27 10:52:10,Topiramate
2026-03-21 21:27:03,Levetiracetam
2026-01-17 07:48:56,Valproic Acid + Lamotrigine
2026-04-21 19:14:55,Valproic Acid + Phenytoin
2026-02-13 22:02:55,Levetiracetam
2026-06-09 21:31:38,Levetiracetam
2026-02-24 06:06:34,Oxcarbazepine + Levetiracetam
2026-02-12 00:27:17,Oxcarbazepine
2026-03-17 05:32:45,Carbamazepine
2026-01-20 09:26:09,Lamotrigine + Levetiracetam
2026-06-07 13:04:20,Oxcarbazepine
2025-12-29 21:31:24,Carbamazepine
2026-04-10 13:46:55,Lamotrigine
2026-01-21 13:59:42,Levetiracetam
2026-05-16 18:26:39,Levetiracetam + Lamotrigine
2026-03-18 10:36:31,Levetiracetam
2026-01-15 15:26:27,Valproic Acid
2026-03-15 18:04:21,Levetiracetam
2026-03-02 06:11:46,Valproic Acid + Phenytoin + Topiramate
2026-05-01 16:43:56,Oxcarbazepine
2026-05-26 20:02:11,Topiramate
2026-03-29 21:40:27,Lamotrigine
2026-01-25 02:50:45,Carbamazepine
2026-02-21 04:01:32,Valproic Acid
2026-02-03 16:15:23,Topiramate + Phenytoin + Valproic Acid
2026-05-27 21:29:55,Oxcarbazepine + Lamotrigine
2026-05-10 23:19:12,Lamotrigine
2026-05-02 22:30:12,Clobazam
2025-12-25 08:00:09,Levetiracetam
2026-04-28 15:28:49,Valproic Acid
2026-02-19 01:46:24,Clobazam + Lamotrigine
2026-03-28 23:28:27,Levetiracetam
2025-12-25 19:12:24,Valproic Acid
2026-02-23 05:37:00,Topiramate
2026-01-01 05:16:01,Valproic Acid + Oxcarbazepine
2026-02-14 20:46:55,Topiramate + Valproic Acid
2026-02-27 13:19:29,Levetiracetam + Oxcarbazepine
2026-05-02 12:17:30,Carbamazepine
2026-04-19 13:03:17,Lamotrigine
2026-02-18 22:03:27,Levetiracetam + Lamotrigine
2026-03-20 17:44:08,Carbamazepine
2026-01-24 03:20:51,Levetiracetam
2026-02-21 05:20:17,Valproic Acid
2026-05-20 03:31:31,Levetiracetam
2026-03-17 05:14:28,Lamotrigine + Valproic Acid
2026-04-13 17:40:35,Lamotrigine
2026-05-07 09:03:41,Topiramate
2026-01-21 03:32:03,Valproic Acid
2026-01-02 16:17:52,Levetiracetam
2026-05-13 17:40:19,Levetiracetam + Lamotrigine
2026-05-17 03:33:35,Valproic Acid + Carbamazepine
2026-04-03 10:52:45,Lamotrigine + Levetiracetam
2026-02-27 18:19:42,Valproic Acid + Levetiracetam
2026-03-02 16:27:34,Oxcarbazepine
2026-01-12 04:17:53,Carbamazepine
2026-03-04 22:16:33,Oxcarbazepine
2026-05-10 19:57:47,Levetiracetam
2026-04-08 17:07:40,Levetiracetam + Phenytoin
2026-05-05 23:08:22,Valproic Acid + Levetiracetam
2026-05-03 22:08:04,Levetiracetam + Carbamazepine
2026-06-03 03:08:30,Valproic Acid + Topiramate + Levetiracetam
2026-04-22 10:33:51,Carbamazepine
2026-02-04 23:04:13,Valproic Acid
2026-01-12 04:11:16,Levetiracetam
2026-04-20 05:09:40,Levetiracetam + Topiramate
2026-05-28 20:13:11,Oxcarbazepine + Levetiracetam
2026-04-20 16:53:48,Carbamazepine
2026-01-21 05:06:06,Valproic Acid
2026-02-20 18:55:54,Levetiracetam
2026-04-01 20:48:15,Levetiracetam + Lamotrigine
2026-01-24 08:49:16,Carbamazepine + Levetiracetam
2026-05-10 10:44:20,Carbamazepine + Clobazam + Levetiracetam
2026-01-27 20:42:57,Levetiracetam + Lamotrigine
2026-05-22 18:11:31,Levetiracetam + Carbamazepine
2026-02-11 13:23:13,Lamotrigine
2026-06-02 21:22:01,Levetiracetam + Lamotrigine
2026-05-10 21:27:13,Carbamazepine + Clobazam
2026-02-19 09:48:54,Levetiracetam + Carbamazepine
2025-12-28 10:12:44,Topiramate + Lamotrigine + Valproic Acid
2026-03-29 01:07:18,Levetiracetam
2026-01-05 22:47:38,Valproic Acid + Lamotrigine
2026-06-06 07:03:39,Levetiracetam
2026-05-25 13:09:59,Carbamazepine + Levetiracetam
2026-04-29 00:10:02,Levetiracetam + Valproic Acid + Lamotrigine
2026-02-13 11:23:05,Lamotrigine
2026-01-11 00:05:14,Valproic Acid
2026-05-23 17:14:21,Oxcarbazepine
2025-12-21 10:56:22,Valproic Acid + Oxcarbazepine
2025-12-16 19:50:42,Phenytoin + Lamotrigine + Levetiracetam
2026-03-14 02:11:28,Carbamazepine + Valproic Acid
2026-01-03 08:48:40,Levetiracetam + Oxcarbazepine
2026-04-09 05:44:04,Topiramate
2026-04-19 11:05:37,Phenytoin
2026-03-19 06:39:52,Valproic Acid + Phenytoin
2026-01-10 11:05:34,Lamotrigine + Valproic Acid
2026-03-13 16:27:04,Carbamazepine
2026-05-24 11:01:44,Lamotrigine
2026-06-09 16:32:49,Levetiracetam
2026-05-17 04:23:52,Valproic Acid + Oxcarbazepine
2026-06-09 05:12:11,Levetiracetam
2026-05-27 11:30:56,Carbamazepine
2026-02-04 19:44:47,Topiramate
2026-01-08 05:39:43,Oxcarbazepine
2026-04-09 08:07:43,Valproic Acid
2026-05-19 09:55:41,Levetiracetam + Lamotrigine
2026-04-26 03:22:32,Oxcarbazepine
2026-02-12 00:00:52,Lamotrigine
2026-03-12 00:17:46,Lamotrigine + Levetiracetam
2026-02-06 16:05:11,Clobazam + Lamotrigine
2026-04-06 00:26:30,Valproic Acid
2026-04-15 03:40:56,Levetiracetam
2026-06-03 09:38:49,Phenytoin + Valproic Acid + Levetiracetam
2026-01-19 09:29:27,Carbamazepine + Levetiracetam
2026-04-08 21:19:46,Clobazam
2026-03-04 22:03:39,Valproic Acid + Lamotrigine
2026-02-24 11:15:52,Clobazam + Valproic Acid
2026-04-01 23:22:13,Carbamazepine + Oxcarbazepine
2026-04-24 22:40:04,Valproic Acid
2025-12-27 09:30:28,Topiramate
2026-03-06 02:49:53,Levetiracetam
2026-05-16 20:12:46,Levetiracetam + Carbamazepine
2026-01-24 19:00:32,Valproic Acid
2026-01-06 06:39:47,Phenytoin
2026-05-27 16:23:55,Carbamazepine
2025-12-26 02:07:25,Topiramate + Levetiracetam
2026-01-13 18:01:45,Oxcarbazepine + Carbamazepine
2025-12-20 09:16:03,Topiramate + Levetiracetam + Valproic Acid
2026-05-02 12:20:23,Levetiracetam
2026-01-26 17:49:50,Valproic Acid + Phenytoin
2026-04-20 12:47:47,Lamotrigine
2026-04-07 12:22:21,Topiramate
2026-02-26 13:00:58,Levetiracetam + Lamotrigine
2026-03-30 12:44:15,Valproic Acid + Levetiracetam
2026-05-16 01:18:36,Levetiracetam + Oxcarbazepine
2026-03-11 09:47:13,Valproic Acid + Topiramate
2026-04-16 09:20:37,Lamotrigine
2026-04-15 22:00:18,Levetiracetam
2026-03-26 05:25:15,Oxcarbazepine
2026-05-10 22:51:49,Phenytoin
2026-04-02 19:07:35,Carbamazepine + Valproic Acid
2026-02-14 11:06:37,Topiramate
2025-12-17 13:13:11,Levetiracetam
2026-02-22 00:15:08,Oxcarbazepine
2026-03-15 06:40:38,Lamotrigine
2026-02-26 23:25:17,Levetiracetam
2026-04-26 06:10:21,Clobazam + Oxcarbazepine
2026-01-10 23:30:07,Carbamazepine + Lamotrigine
2026-02-06 09:00:39,Valproic Acid
2026-03-07 02:04:19,Clobazam
2026-02-24 13:10:22,Carbamazepine + Levetiracetam
2026-02-10 03:31:14,Oxcarbazepine + Phenytoin + Levetiracetam
2026-03-14 07:21:31,Phenytoin
2026-02-15 02:11:14,Phenytoin + Levetiracetam + Valproic Acid
2026-01-03 06:22:28,Topiramate
2026-01-27 11:13:54,Carbamazepine
2026-02-06 01:48:02,Phenytoin + Lamotrigine + Levetiracetam
2026-03-14 08:09:21,Levetiracetam
2026-05-25 05:49:45,Lamotrigine
2026-01-28 19:09:22,Clobazam + Carbamazepine
2026-05-22 15:57:28,Clobazam + Levetiracetam
2026-01-17 07:30:25,Carbamazepine
2026-01-13 18:14:27,Levetiracetam
2026-03-28 01:44:43,Levetiracetam + Topiramate + Valproic Acid
2026-02-04 12:49:49,Levetiracetam + Valproic Acid
2026-01-15 11:03:15,Levetiracetam + Carbamazepine + Phenytoin
2026-02-15 11:04:49,Levetiracetam
2026-03-16 05:15:44,Lamotrigine
2026-06-10 20:27:44,Levetiracetam + Lamotrigine
2026-05-20 11:46:49,Levetiracetam
2026-03-01 01:25:41,Topiramate
2026-01-29 11:34:21,Clobazam
2026-03-04 12:44:47,Valproic Acid
2026-04-09 17:01:36,Lamotrigine + Valproic Acid + Oxcarbazepine
2026-02-01 16:15:37,Levetiracetam + Carbamazepine + Clobazam
2026-06-08 22:27:37,Levetiracetam + Lamotrigine + Carbamazepine
2026-04-24 20:12:57,Valproic Acid + Topiramate
2026-04-15 17:25:17,Lamotrigine
2026-05-17 14:51:22,Clobazam
2026-05-05 20:39:55,Levetiracetam
2026-02-16 10:38:12,Carbamazepine + Oxcarbazepine + Valproic Acid
2026-02-22 21:50:50,Levetiracetam
2025-12-27 01:39:11,Clobazam + Valproic Acid + Lamotrigine
2026-03-05 21:05:03,Lamotrigine
2026-01-06 06:37:53,Clobazam
2025-12-17 06:54:34,Carbamazepine + Levetiracetam
2026-03-26 00:25:42,Carbamazepine + Levetiracetam
2026-05-17 22:30:00,Clobazam
2026-04-30 05:27:10,Levetiracetam
2026-03-20 20:48:39,Levetiracetam + Valproic Acid + Carbamazepine
2025-12-28 14:01:37,Clobazam
2026-05-25 03:09:21,Levetiracetam
2026-05-23 13:26:50,Levetiracetam
2026-01-09 19:32:29,Valproic Acid + Oxcarbazepine
2026-02-07 07:00:30,Levetiracetam
2026-03-23 14:09:09,Valproic Acid
2026-04-24 14:08:31,Levetiracetam + Lamotrigine
2026-01-18 20:28:04,Levetiracetam + Topiramate
2026-05-03 04:45:02,Lamotrigine
2026-06-08 13:27:48,Levetiracetam + Carbamazepine
2026-02-21 14:43:33,Lamotrigine + Carbamazepine
2026-04-19 09:44:04,Valproic Acid + Lamotrigine
2026-03-08 09:16:13,Carbamazepine
2026-01-20 02:08:04,Clobazam
2026-02-04 04:37:05,Levetiracetam
2026-03-12 22:54:28,Lamotrigine + Valproic Acid
2026-06-03 00:31:47,Levetiracetam
2026-02-18 01:35:15,Oxcarbazepine
2026-05-13 11:41:16,Lamotrigine + Oxcarbazepine + Phenytoin
2026-04-08 05:10:59,Lamotrigine
2026-01-17 03:47:14,Levetiracetam
2026-03-01 10:51:28,Lamotrigine
2025-12-15 20:44:39,Levetiracetam + Valproic Acid
2026-05-14 14:35:39,Lamotrigine + Carbamazepine
2026-01-27 23:04:02,Oxcarbazepine
2026-04-16 12:33:40,Lamotrigine
2026-04-28 13:36:17,Valproic Acid + Levetiracetam
2026-03-27 19:06:57,Levetiracetam
2025-12-25 05:17:42,Lamotrigine
2026-04-12 09:07:34,Lamotrigine + Levetiracetam
2026-03-22 09:28:11,Oxcarbazepine
2026-02-12 06:42:14,Levetiracetam
2026-02-08 13:32:24,Lamotrigine
2026-04-24 13:29:25,Carbamazepine
2026-06-07 11:56:30,Levetiracetam
2026-03-25 17:26:51,Lamotrigine + Topiramate
2025-12-19 11:10:02,Valproic Acid
2026-01-12 14:51:21,Valproic Acid + Phenytoin + Oxcarbazepine
2026-05-16 20:28:11,Clobazam + Lamotrigine
2026-04-07 19:34:15,Phenytoin + Levetiracetam
2026-01-31 04:47:34,Lamotrigine
2026-05-10 17:36:59,Topiramate
2026-02-28 01:17:10,Levetiracetam
2026-04-11 00:12:29,Lamotrigine
2026-01-20 03:55:21,Clobazam + Levetiracetam
2025-12-31 13:30:57,Lamotrigine + Oxcarbazepine
2026-06-04 16:29:02,Carbamazepine
2026-01-15 06:31:30,Valproic Acid
2026-03-28 03:42:32,Levetiracetam
2026-02-20 22:42:08,Levetiracetam + Oxcarbazepine + Carbamazepine
2026-02-11 16:54:42,Valproic Acid + Carbamazepine
2026-03-02 21:25:16,Topiramate + Lamotrigine
2026-05-24 23:06:22,Levetiracetam
2026-03-19 03:00:02,Carbamazepine
2026-04-12 05:31:57,Levetiracetam + Topiramate
2026-04-14 03:52:53,Valproic Acid + Oxcarbazepine
2026-01-12 07:22:30,Oxcarbazepine
2026-02-01 10:33:53,Carbamazepine
2026-01-12 19:19:38,Lamotrigine + Valproic Acid
2025-12-20 19:12:25,Valproic Acid
2026-06-11 11:23:53,Levetiracetam + Oxcarbazepine
2026-05-01 13:18:43,Levetiracetam + Topiramate
2026-01-15 00:40:00,Valproic Acid
2026-05-28 12:29:46,Clobazam + Topiramate
2026-05-12 06:57:23,Levetiracetam + Valproic Acid
2026-06-12 05:09:17,Lamotrigine
2026-04-29 22:08:05,Levetiracetam + Lamotrigine
2026-02-20 15:02:28,Carbamazepine
2026-01-03 06:42:47,Topiramate
2026-06-05 22:47:47,Phenytoin + Lamotrigine
2026-03-23 10:16:15,Levetiracetam
2026-03-01 23:27:08,Levetiracetam + Valproic Acid
2026-03-01 14:23:48,Valproic Acid + Oxcarbazepine
2026-06-08 22:20:08,Lamotrigine
2026-03-23 05:18:36,Valproic Acid
2026-04-07 12:48:57,Carbamazepine
2026-03-18 04:39:39,Oxcarbazepine + Valproic Acid
2026-06-09 05:22:56,Clobazam + Oxcarbazepine
2026-02-17 23:47:09,Oxcarbazepine + Valproic Acid
2026-06-02 01:30:13,Valproic Acid + Lamotrigine
2026-05-22 05:36:44,Levetiracetam + Carbamazepine
2026-02-10 14:13:15,Carbamazepine + Levetiracetam
2026-03-31 22:10:22,Topiramate + Valproic Acid + Carbamazepine
2026-03-03 09:48:23,Oxcarbazepine + Levetiracetam
2025-12-31 08:22:08,Valproic Acid + Carbamazepine
2026-04-10 08:11:08,Valproic Acid
2026-06-06 06:36:02,Carbamazepine + Valproic Acid
2026-01-29 05:24:36,Levetiracetam + Lamotrigine
2026-02-22 20:48:35,Levetiracetam
2026-03-13 01:55:33,Carbamazepine
2025-12-29 05:47:00,Levetiracetam + Valproic Acid + Phenytoin
2026-06-11 21:03:46,Valproic Acid
2026-05-17 15:55:56,Lamotrigine + Clobazam
2026-01-06 21:34:38,Valproic Acid + Levetiracetam
2026-01-10 14:16:59,Lamotrigine
2026-05-02 21:48:25,Topiramate
2026-02-11 22:51:06,Valproic Acid + Phenytoin
2026-06-03 17:36:48,Levetiracetam
2026-05-31 01:53:02,Valproic Acid + Lamotrigine
2026-03-24 02:18:40,Levetiracetam + Valproic Acid + Clobazam
2026-02-25 01:52:36,Phenytoin + Valproic Acid + Carbamazepine
2026-04-08 04:57:06,Lamotrigine
2026-03-13 03:51:53,Levetiracetam
2026-02-05 00:22:34,Valproic Acid
2026-05-02 10:00:23,Levetiracetam + Topiramate
2026-02-18 11:09:17,Valproic Acid
2025-12-22 15:10:55,Levetiracetam
2026-05-01 12:53:17,Levetiracetam
2026-04-12 23:40:30,Levetiracetam + Topiramate
2026-05-03 14:14:22,Levetiracetam + Clobazam
2026-05-24 06:59:08,Levetiracetam + Valproic Acid
2026-06-07 00:32:02,Carbamazepine
2025-12-16 13:14:19,Oxcarbazepine + Topiramate
2025-12-29 08:51:07,Valproic Acid
2025-12-15 10:13:36,Valproic Acid + Levetiracetam
2026-01-23 18:01:04,Carbamazepine + Levetiracetam
2025-12-22 16:17:46,Oxcarbazepine + Valproic Acid
2026-05-12 19:13:20,Levetiracetam
2026-01-08 00:13:39,Valproic Acid + Oxcarbazepine + Levetiracetam
2026-06-10 16:07:59,Valproic Acid
2026-01-30 07:04:49,Topiramate
2026-03-06 16:43:02,Valproic Acid + Oxcarbazepine
2025-12-17 23:46:33,Valproic Acid
2026-01-06 09:22:48,Valproic Acid
2026-01-26 06:44:26,Levetiracetam
2026-03-29 03:25:51,Lamotrigine + Levetiracetam
2026-04-27 09:25:28,Clobazam + Valproic Acid + Levetiracetam
2026-05-08 02:55:15,Oxcarbazepine + Lamotrigine
2026-01-12 04:55:55,Valproic Acid
2026-01-30 22:43:01,Valproic Acid + Lamotrigine
2026-04-20 14:06:17,Lamotrigine + Valproic Acid
2026-05-17 12:31:51,Topiramate
2026-01-24 17:37:30,Valproic Acid + Carbamazepine + Lamotrigine
2026-01-13 09:05:45,Clobazam
2025-12-26 17:08:35,Clobazam + Levetiracetam
2026-02-02 20:06:50,Oxcarbazepine
2026-04-08 14:21:07,Lamotrigine
2026-04-22 13:07:10,Carbamazepine + Lamotrigine
2026-02-28 07:45:01,Levetiracetam + Phenytoin + Oxcarbazepine
2026-01-16 11:46:40,Levetiracetam + Carbamazepine + Phenytoin
2026-01-07 20:19:20,Lamotrigine
2026-04-23 04:03:51,Clobazam
2026-04-01 02:36:36,Topiramate + Oxcarbazepine
2026-02-17 05:45:59,Carbamazepine + Valproic Acid + Oxcarbazepine
2026-06-11 16:52:08,Topiramate
2026-03-03 05:59:25,Levetiracetam + Valproic Acid
2026-06-05 20:02:07,Valproic Acid
2026-04-20 02:07:48,Levetiracetam + Lamotrigine
2026-05-25 01:51:10,Lamotrigine
2026-02-20 01:27:56,Levetiracetam
2026-04-04 07:36:47,Levetiracetam
2026-03-05 20:38:31,Carbamazepine + Valproic Acid + Lamotrigine
2026-05-08 19:20:05,Valproic Acid + Levetiracetam
2026-04-25 09:56:31,Valproic Acid
2026-04-27 06:42:45,Clobazam + Levetiracetam
2026-06-05 13:23:47,Clobazam
2026-04-18 23:54:24,Valproic Acid
2026-01-31 21:50:44,Carbamazepine
2026-01-02 15:07:53,Levetiracetam
2026-04-27 23:13:05,Valproic Acid + Levetiracetam
2026-05-28 14:27:46,Valproic Acid
2026-03-08 05:41:58,Lamotrigine + Levetiracetam
2026-05-15 13:49:16,Oxcarbazepine + Levetiracetam
2026-05-12 03:35:06,Valproic Acid
2026-02-10 07:12:48,Levetiracetam
2026-03-14 08:00:52,Levetiracetam
2025-12-19 17:07:51,Levetiracetam
2026-01-13 16:35:04,Levetiracetam + Valproic Acid
2026-06-07 00:17:51,Valproic Acid
2026-02-14 18:53:52,Lamotrigine + Levetiracetam + Clobazam
2026-02-21 07:04:04,Levetiracetam
2026-01-08 02:12:37,Levetiracetam + Phenytoin
2026-03-23 08:57:59,Topiramate
2026-04-14 06:27:16,Levetiracetam + Valproic Acid + Topiramate
2026-04-22 16:21:02,Valproic Acid
2026-04-12 02:12:06,Levetiracetam
2025-12-26 15:36:35,Levetiracetam + Lamotrigine
2025-12-28 15:29:13,Topiramate
2026-06-01 09:11:33,Phenytoin + Levetiracetam
2026-01-14 20:03:28,Clobazam + Topiramate
2026-05-27 11:08:22,Levetiracetam
2025-12-28 21:06:10,Levetiracetam
2026-03-20 19:12:38,Oxcarbazepine + Phenytoin
2025-12-20 09:47:56,Valproic Acid + Clobazam
2026-04-29 08:39:03,Levetiracetam
2026-02-02 04:44:04,Clobazam
2026-02-02 07:26:32,Phenytoin
2026-03-02 13:21:42,Levetiracetam
2026-01-22 06:38:16,Lamotrigine + Levetiracetam
2026-02-20 22:29:19,Levetiracetam + Valproic Acid + Phenytoin
2026-03-28 09:39:10,Carbamazepine
2026-06-07 07:37:05,Lamotrigine + Phenytoin
2026-02-05 19:51:53,Valproic Acid + Oxcarbazepine
2026-03-08 13:53:02,Carbamazepine + Valproic Acid + Lamotrigine
2026-03-05 09:04:22,Valproic Acid
2026-01-08 10:56:37,Topiramate + Levetiracetam + Carbamazepine
2025-12-15 02:28:55,Valproic Acid + Oxcarbazepine
2026-03-18 19:56:36,Lamotrigine
2026-05-30 01:01:35,Phenytoin + Valproic Acid
2026-04-22 05:56:42,Phenytoin + Valproic Acid
2026-03-16 11:15:42,Levetiracetam
2026-01-10 05:41:11,Topiramate + Carbamazepine
2026-01-22 16:50:00,Levetiracetam
2026-04-10 10:52:47,Carbamazepine
2026-02-24 05:13:30,Topiramate
2025-12-25 16:23:33,Levetiracetam + Valproic Acid + Clobazam
2026-06-09 23:15:24,Lamotrigine + Phenytoin
2026-06-10 09:04:00,Lamotrigine
2026-05-12 00:29:33,Topiramate
2026-03-19 01:27:52,Valproic Acid
2026-04-22 01:25:48,Valproic Acid + Oxcarbazepine
2026-05-31 01:39:35,Clobazam + Topiramate + Levetiracetam
2026-02-09 12:33:07,Levetiracetam
2026-05-21 14:23:59,Carbamazepine + Lamotrigine + Valproic Acid
2026-04-27 11:42:29,Levetiracetam
2026-02-23 00:23:55,Levetiracetam
2026-04-27 10:13:25,Lamotrigine + Carbamazepine
2026-05-05 17:12:20,Valproic Acid + Carbamazepine
2026-02-25 06:29:47,Lamotrigine
2026-06-02 14:49:43,Valproic Acid + Oxcarbazepine
2026-03-19 13:28:33,Valproic Acid
2026-01-24 11:02:09,Valproic Acid
2026-05-17 23:33:58,Levetiracetam
2026-01-11 02:25:33,Levetiracetam
2026-04-17 18:06:11,Oxcarbazepine + Levetiracetam
2026-02-21 18:38:11,Levetiracetam
2026-02-05 15:22:07,Levetiracetam + Valproic Acid + Phenytoin
2026-02-16 16:37:36,Lamotrigine
2025-12-30 17:48:29,Levetiracetam + Topiramate
2026-02-06 21:47:30,Levetiracetam
2026-03-07 10:37:39,Oxcarbazepine + Levetiracetam
2026-04-13 01:41:32,Lamotrigine
2026-05-18 14:42:53,Lamotrigine
2026-02-06 01:01:41,Valproic Acid + Topiramate
2026-05-05 14:07:35,Phenytoin + Carbamazepine
2026-02-04 02:43:50,Valproic Acid
2025-12-26 18:06:50,Oxcarbazepine + Levetiracetam + Lamotrigine
2026-06-09 11:52:35,Levetiracetam + Phenytoin
2026-05-09 02:07:49,Topiramate + Oxcarbazepine
2026-02-04 09:44:01,Lamotrigine + Oxcarbazepine
2026-01-15 02:14:20,Topiramate
2026-05-27 09:00:05,Valproic Acid + Carbamazepine
2026-03-16 04:26:40,Oxcarbazepine
2025-12-22 16:22:44,Valproic Acid + Topiramate + Carbamazepine
2026-03-22 13:01:00,Levetiracetam + Oxcarbazepine
2026-03-09 14:18:21,Levetiracetam
2026-04-26 21:27:31,Valproic Acid + Levetiracetam
2026-05-06 23:28:00,Levetiracetam + Oxcarbazepine
2026-01-23 13:57:22,Valproic Acid
2026-01-03 00:37:24,Levetiracetam
2026-03-17 22:50:49,Oxcarbazepine
2025-12-18 17:42:03,Levetiracetam + Oxcarbazepine + Valproic Acid
2025-12-24 18:48:01,Phenytoin
2026-04-29 15:31:49,Levetiracetam
2026-01-11 17:32:16,Clobazam + Levetiracetam
2026-03-28 21:35:39,Levetiracetam + Lamotrigine
2026-05-13 16:38:58,Lamotrigine + Levetiracetam
2026-03-17 05:58:45,Lamotrigine
2026-03-26 05:05:41,Levetiracetam + Lamotrigine
2026-01-12 15:33:51,Levetiracetam
2025-12-23 06:35:46,Carbamazepine + Levetiracetam
2026-02-20 23:16:20,Lamotrigine
2026-01-12 02:47:46,Carbamazepine
2026-01-08 21:59:49,Valproic Acid + Levetiracetam + Oxcarbazepine
2026-02-02 11:10:48,Levetiracetam
2026-02-09 02:57:54,Levetiracetam
2025-12-23 01:36:22,Phenytoin
2026-02-17 16:17:10,Lamotrigine + Levetiracetam + Valproic Acid
2026-05-11 17:24:34,Levetiracetam
2025-12-18 06:04:47,Levetiracetam
2026-05-23 04:09:19,Levetiracetam
2026-01-29 05:36:11,Levetiracetam + Valproic Acid
2026-01-23 02:32:01,Levetiracetam
2026-05-15 01:30:23,Levetiracetam + Clobazam
2026-05-17 11:26:10,Clobazam
2026-04-14 03:06:54,Carbamazepine + Lamotrigine
2026-03-09 23:02:45,Lamotrigine
2026-06-02 19:36:43,Lamotrigine
2026-03-04 04:37:10,Lamotrigine
2026-03-07 15:26:09,Valproic Acid + Lamotrigine
2026-04-07 00:59:59,Valproic Acid + Levetiracetam
2026-03-19 13:07:24,Clobazam + Carbamazepine
2026-03-08 12:58:19,Phenytoin
2026-02-02 02:35:04,Clobazam
2026-05-24 08:50:34,Levetiracetam + Valproic Acid + Phenytoin
2025-12-24 22:29:15,Oxcarbazepine + Levetiracetam + Lamotrigine
2026-03-26 15:22:37,Levetiracetam
2026-02-28 10:48:05,Lamotrigine + Valproic Acid
2026-02-09 09:51:17,Levetiracetam + Lamotrigine
2026-04-22 11:53:12,Topiramate
2026-02-22 00:24:23,Oxcarbazepine + Levetiracetam
2026-04-30 23:52:07,Levetiracetam + Phenytoin
2026-02-24 04:13:11,Carbamazepine
2026-04-23 10:17:45,Lamotrigine
2026-03-26 14:46:35,Clobazam + Levetiracetam + Valproic Acid
2026-01-15 23:32:07,Topiramate
2026-04-17 04:31:50,Carbamazepine + Topiramate
2026-06-03 08:22:19,Lamotrigine
2026-06-08 13:01:07,Valproic Acid
2026-01-14 03:39:07,Carbamazepine + Valproic Acid
2026-03-10 03:10:08,Levetiracetam
2026-02-10 20:53:24,Lamotrigine
2026-05-03 17:13:38,Levetiracetam + Topiramate + Oxcarbazepine
2026-01-13 05:00:15,Topiramate
2026-03-19 06:41:48,Clobazam + Lamotrigine
2026-02-04 07:39:05,Levetiracetam
2026-01-17 22:54:59,Valproic Acid + Oxcarbazepine + Phenytoin
2025-12-26 09:31:02,Clobazam + Lamotrigine + Levetiracetam
2026-03-29 02:56:54,Levetiracetam
2026-03-31 01:28:36,Oxcarbazepine
2026-03-12 03:09:58,Valproic Acid
2026-03-27 14:07:57,Valproic Acid + Topiramate
2026-05-03 20:34:43,Levetiracetam + Oxcarbazepine + Lamotrigine
2026-03-23 20:07:57,Clobazam + Valproic Acid
2026-02-24 01:33:21,Lamotrigine
2026-02-20 11:02:49,Lamotrigine + Valproic Acid
2026-03-13 21:01:18,Levetiracetam + Valproic Acid
2026-01-02 19:12:00,Valproic Acid
2026-01-31 12:15:53,Carbamazepine
2026-04-13 20:30:54,Carbamazepine + Valproic Acid + Levetiracetam
2026-04-25 15:05:08,Lamotrigine
2026-05-15 02:16:23,Levetiracetam + Oxcarbazepine + Valproic Acid
2026-02-24 17:19:31,Levetiracetam
2026-02-23 16:32:26,Valproic Acid
2025-12-19 04:24:18,Levetiracetam
2026-01-04 19:34:20,Clobazam
2025-12-23 06:05:07,Lamotrigine + Carbamazepine
2025-12-28 01:54:56,Lamotrigine
2026-03-19 20:08:10,Clobazam + Levetiracetam + Valproic Acid
2026-01-19 03:52:37,Carbamazepine
2026-03-01 05:27:13,Phenytoin
2026-04-09 17:46:40,Valproic Acid
2026-01-30 23:13:31,Lamotrigine
2026-05-31 23:49:53,Topiramate
2026-03-20 03:27:52,Levetiracetam + Valproic Acid
2026-05-15 03:51:47,Levetiracetam + Topiramate
2026-05-05 12:27:59,Levetiracetam
2026-02-17 14:34:32,Carbamazepine
2026-03-22 07:24:30,Levetiracetam + Valproic Acid
2026-01-27 20:14:10,Levetiracetam
2026-02-08 04:19:32,Carbamazepine
2026-03-04 18:28:49,Topiramate
2026-02-14 20:14:10,Oxcarbazepine + Lamotrigine
2026-02-21 02:22:20,Lamotrigine + Levetiracetam
2025-12-29 02:26:37,Levetiracetam + Topiramate
2026-04-08 07:13:49,Oxcarbazepine + Carbamazepine + Levetiracetam
2026-01-15 15:42:42,Lamotrigine + Carbamazepine
2026-01-02 19:00:35,Carbamazepine
2026-06-07 12:03:03,Oxcarbazepine + Valproic Acid + Levetiracetam
2026-03-02 09:22:53,Lamotrigine
2026-04-25 16:24:42,Topiramate
2026-05-04 00:15:15,Clobazam
2026-05-24 11:39:59,Valproic Acid + Levetiracetam
2026-05-13 21:12:02,Oxcarbazepine
2025-12-16 04:44:07,Valproic Acid + Levetiracetam
2026-06-07 02:24:57,Levetiracetam
2026-04-17 07:39:25,Valproic Acid
2026-04-15 12:25:33,Levetiracetam + Valproic Acid
2026-03-05 06:43:18,Carbamazepine + Clobazam
2026-02-13 12:21:46,Carbamazepine + Levetiracetam
2026-02-18 02:42:26,Topiramate + Lamotrigine
2026-05-07 23:36:40,Levetiracetam + Carbamazepine + Oxcarbazepine
2026-02-15 02:10:01,Levetiracetam + Clobazam
2025-12-22 01:15:08,Carbamazepine
2026-01-25 00:12:55,Levetiracetam
2026-06-03 05:10:22,Levetiracetam + Valproic Acid
2026-05-20 01:43:33,Valproic Acid
2026-04-05 07:30:35,Carbamazepine + Levetiracetam
2025-12-22 00:24:17,Levetiracetam + Carbamazepine
2026-02-06 20:08:46,Carbamazepine
2025-12-20 03:15:33,Topiramate
2026-05-06 18:03:07,Valproic Acid + Levetiracetam
2025-12-20 00:04:25,Levetiracetam
2026-02-13 12:22:05,Clobazam + Levetiracetam
2026-06-11 23:14:10,Phenytoin
2026-02-03 16:41:47,Levetiracetam
2026-05-25 08:40:47,Levetiracetam + Oxcarbazepine
2026-02-06 17:25:09,Carbamazepine
2026-03-09 11:15:59,Topiramate + Levetiracetam
2026-04-26 07:37:28,Levetiracetam + Lamotrigine
2026-03-05 04:16:59,Levetiracetam + Lamotrigine
2026-05-02 14:57:42,Levetiracetam
2026-02-26 19:31:30,Phenytoin + Valproic Acid + Clobazam
2026-05-09 08:52:05,Valproic Acid + Oxcarbazepine + Lamotrigine
2025-12-19 13:38:57,Levetiracetam + Carbamazepine
2026-01-06 23:54:45,Lamotrigine + Carbamazepine
2026-01-04 12:19:39,Levetiracetam
2026-06-12 10:18:26,Clobazam
2026-04-28 06:08:50,Lamotrigine
2026-01-19 09:13:23,Carbamazepine + Levetiracetam
2026-02-09 23:04:54,Topiramate
2026-04-14 19:16:43,Lamotrigine + Topiramate
2026-06-06 15:19:02,Levetiracetam + Valproic Acid
2026-03-08 03:23:31,Levetiracetam
2026-04-22 02:26:30,Levetiracetam + Oxcarbazepine
2026-04-14 09:09:58,Valproic Acid
2026-06-01 00:46:26,Valproic Acid
2026-02-25 11:26:13,Clobazam
2026-05-11 17:19:15,Lamotrigine + Carbamazepine + Valproic Acid
2026-06-06 06:25:43,Topiramate
2026-04-09 01:19:03,Levetiracetam
2025-12-23 14:17:00,Carbamazepine + Levetiracetam
2026-01-23 14:07:36,Valproic Acid
2026-05-16 11:48:40,Levetiracetam + Carbamazepine
2026-06-02 20:22:42,Carbamazepine + Levetiracetam
2026-06-04 02:58:23,Lamotrigine + Levetiracetam
2026-05-06 05:19:22,Levetiracetam + Valproic Acid
2026-04-30 09:25:16,Lamotrigine
2026-04-13 05:53:59,Oxcarbazepine
2025-12-19 18:52:38,Valproic Acid
2026-01-05 15:48:58,Oxcarbazepine + Levetiracetam
2026-02-11 17:30:36,Lamotrigine + Carbamazepine
2025-12-29 15:26:16,Clobazam
2026-03-01 06:20:28,Carbamazepine + Levetiracetam + Topiramate
2026-03-27 14:16:40,Valproic Acid
2026-05-01 22:27:25,Levetiracetam + Valproic Acid
2026-01-29 13:32:08,Clobazam + Oxcarbazepine
2026-04-18 13:29:53,Valproic Acid + Lamotrigine
2026-03-05 09:59:22,Valproic Acid + Carbamazepine
2026-04-23 15:59:13,Levetiracetam
2026-03-03 01:23:45,Levetiracetam
2025-12-26 10:04:26,Lamotrigine
2026-04-10 23:20:33,Topiramate
2026-03-18 05:45:34,Valproic Acid
2026-01-03 13:04:51,Carbamazepine
2026-02-10 17:12:41,Valproic Acid + Topiramate
2026-02-26 14:56:02,Levetiracetam + Valproic Acid
2026-01-22 00:39:00,Lamotrigine + Levetiracetam
2026-04-26 06:06:12,Valproic Acid
2026-01-25 11:50:33,Topiramate
2026-05-14 22:37:34,Levetiracetam + Carbamazepine
2026-04-26 02:50:07,Oxcarbazepine + Carbamazepine + Valproic Acid
2026-04-01 14:08:01,Oxcarbazepine
2026-05-17 17:19:48,Lamotrigine + Levetiracetam
2026-01-18 08:55:19,Lamotrigine + Clobazam
2026-05-07 05:27:46,Levetiracetam + Carbamazepine
2026-05-15 15:38:48,Lamotrigine + Oxcarbazepine
2026-04-11 21:15:05,Levetiracetam
2026-03-24 10:41:55,Valproic Acid
2026-03-10 11:26:35,Topiramate + Levetiracetam
2026-02-23 04:07:54,Carbamazepine + Valproic Acid
2026-06-06 19:31:37,Levetiracetam
2025-12-24 18:35:32,Oxcarbazepine
2026-06-05 20:07:07,Levetiracetam
2026-03-14 21:44:01,Levetiracetam
2025-12-23 08:32:56,Carbamazepine + Valproic Acid
2026-03-23 12:11:40,Levetiracetam + Lamotrigine + Phenytoin
2026-04-01 23:46:40,Valproic Acid + Lamotrigine
2026-03-13 10:24:04,Topiramate
2026-05-19 06:02:04,Oxcarbazepine + Levetiracetam
2025-12-17 13:56:07,Levetiracetam
2025-12-17 21:54:33,Valproic Acid + Topiramate
2026-01-15 22:41:06,Lamotrigine
2025-12-24 20:33:44,Clobazam
2026-06-05 11:04:47,Levetiracetam + Lamotrigine
2026-06-01 22:08:59,Valproic Acid
2026-05-19 15:55:28,Oxcarbazepine + Phenytoin + Valproic Acid
2026-05-11 14:02:53,Oxcarbazepine + Levetiracetam
2026-05-11 16:31:32,Topiramate + Lamotrigine + Valproic Acid
2026-03-06 22:00:27,Valproic Acid
2026-04-15 16:54:44,Levetiracetam
2026-04-09 05:39:38,Lamotrigine + Levetiracetam
2026-01-28 14:28:46,Carbamazepine
2026-05-30 10:31:23,Levetiracetam
2026-03-29 15:49:10,Levetiracetam
2026-03-27 23:45:12,Phenytoin + Lamotrigine
2026-02-16 02:35:05,Carbamazepine
2026-02-24 10:23:32,Levetiracetam + Valproic Acid + Clobazam
2025-12-23 15:34:26,Phenytoin
2026-03-08 20:56:30,Levetiracetam + Valproic Acid
2026-02-11 13:26:49,Topiramate
2026-02-03 16:22:55,Valproic Acid
2026-05-08 05:29:43,Levetiracetam + Carbamazepine
2026-04-27 06:34:13,Clobazam
2026-03-30 14:01:45,Clobazam
2026-03-01 23:53:17,Levetiracetam + Lamotrigine + Topiramate
2026-02-22 02:18:50,Valproic Acid + Carbamazepine
2026-03-21 21:34:37,Topiramate
2025-12-18 04:56:51,Lamotrigine
2026-02-17 01:13:35,Topiramate + Carbamazepine
2026-02-28 23:56:34,Oxcarbazepine + Valproic Acid
2026-02-19 01:21:00,Valproic Acid + Levetiracetam
2026-01-26 00:58:46,Carbamazepine + Levetiracetam + Topiramate
2026-05-21 00:36:58,Lamotrigine
2026-05-03 06:23:09,Carbamazepine
2026-01-14 19:58:51,Levetiracetam
2025-12-23 07:20:51,Valproic Acid + Levetiracetam
2026-03-24 21:00:07,Levetiracetam + Lamotrigine + Valproic Acid
2026-01-15 12:14:55,Carbamazepine
2026-05-18 15:10:20,Valproic Acid
2026-03-01 00:03:21,Carbamazepine
2026-04-01 19:07:21,Valproic Acid
2026-05-13 00:08:48,Phenytoin + Lamotrigine
2026-05-08 21:29:06,Oxcarbazepine + Topiramate
2026-05-05 09:18:23,Oxcarbazepine
2026-03-29 04:10:32,Phenytoin + Clobazam
2025-12-30 09:12:58,Clobazam + Valproic Acid
2026-01-17 15:44:07,Phenytoin + Oxcarbazepine + Valproic Acid
2026-03-25 03:19:18,Carbamazepine
2026-05-02 09:36:25,Levetiracetam + Clobazam
2026-04-23 19:47:29,Valproic Acid
2026-03-03 09:08:08,Carbamazepine
2026-04-26 01:44:42,Levetiracetam
2026-03-20 01:47:49,Phenytoin
2026-05-07 03:14:56,Topiramate + Clobazam
2026-06-11 04:20:29,Topiramate
2026-04-10 08:38:30,Levetiracetam + Valproic Acid
2026-01-31 22:14:17,Carbamazepine + Levetiracetam
2026-05-21 09:19:29,Carbamazepine + Oxcarbazepine + Lamotrigine
2026-01-28 23:40:05,Levetiracetam
2026-03-22 06:42:50,Valproic Acid
2026-01-21 02:55:53,Phenytoin + Levetiracetam
2026-02-09 12:00:18,Levetiracetam + Carbamazepine
2026-02-07 12:06:45,Lamotrigine + Clobazam
2026-04-02 14:10:03,Levetiracetam
2026-03-13 14:14:31,Valproic Acid
2026-01-15 22:35:45,Levetiracetam + Carbamazepine
2026-02-01 15:20:34,Carbamazepine + Levetiracetam
2026-06-02 15:33:14,Levetiracetam + Lamotrigine
2025-12-24 10:37:08,Levetiracetam + Valproic Acid
2026-01-03 21:39:40,Phenytoin + Carbamazepine
2026-01-29 12:30:23,Valproic Acid
2026-01-03 21:57:03,Valproic Acid + Lamotrigine
2026-03-10 18:53:22,Phenytoin
2026-05-26 14:20:57,Levetiracetam + Valproic Acid
2026-04-09 12:33:46,Valproic Acid + Levetiracetam
2026-04-28 20:14:42,Carbamazepine
2026-02-10 05:55:11,Valproic Acid + Lamotrigine + Levetiracetam
2026-04-23 00:45:31,Levetiracetam + Carbamazepine + Lamotrigine
2026-04-19 21:52:26,Carbamazepine
2026-02-28 05:07:07,Lamotrigine + Topiramate
2026-03-06 16:09:03,Clobazam + Topiramate
2025-12-16 20:31:53,Phenytoin
2026-01-19 09:24:53,Valproic Acid + Topiramate + Levetiracetam
2026-02-10 21:42:59,Carbamazepine + Levetiracetam
2026-04-29 05:01:30,Levetiracetam + Carbamazepine
2026-04-18 03:06:45,Levetiracetam
2026-04-11 22:34:01,Lamotrigine + Levetiracetam
2026-04-17 19:02:56,Valproic Acid + Lamotrigine + Levetiracetam
2026-03-08 08:32:41,Lamotrigine + Levetiracetam
2026-03-02 07:03:23,Lamotrigine + Levetiracetam
2026-03-14 06:24:56,Oxcarbazepine
2026-01-07 06:29:07,Lamotrigine + Topiramate
2026-05-01 03:20:02,Levetiracetam + Clobazam + Carbamazepine
2026-03-23 22:39:03,Levetiracetam + Topiramate
2026-01-08 18:19:59,Oxcarbazepine + Carbamazepine
2026-01-30 22:16:34,Levetiracetam
2025-12-22 12:39:26,Clobazam + Carbamazepine
2026-01-28 19:39:20,Levetiracetam + Lamotrigine
2026-02-10 02:48:32,Levetiracetam
2026-02-23 22:26:13,Valproic Acid + Oxcarbazepine + Clobazam
2026-04-28 11:50:12,Valproic Acid
2026-01-06 12:42:20,Clobazam + Levetiracetam
2026-01-22 09:01:13,Valproic Acid
2025-12-29 04:36:28,Topiramate
2026-04-23 07:50:38,Lamotrigine
2026-04-26 10:34:58,Carbamazepine + Oxcarbazepine
2026-04-10 20:59:44,Carbamazepine
2026-05-25 14:52:16,Clobazam + Lamotrigine + Valproic Acid
2026-03-17 02:42:34,Levetiracetam + Clobazam
2026-01-26 16:26:21,Phenytoin + Valproic Acid
2026-02-17 05:14:13,Levetiracetam + Carbamazepine + Valproic Acid
2026-03-15 03:11:44,Phenytoin + Valproic Acid
2026-06-06 12:14:23,Levetiracetam + Clobazam
2025-12-25 02:25:14,Levetiracetam
2026-03-21 05:17:33,Valproic Acid
2026-03-08 14:14:04,Valproic Acid
2026-01-24 16:40:48,Carbamazepine
2025-12-25 04:36:46,Levetiracetam + Oxcarbazepine
2026-04-24 12:30:30,Lamotrigine
2026-04-22 14:37:19,Levetiracetam + Valproic Acid
2026-05-24 06:32:50,Phenytoin
2026-02-17 05:47:25,Oxcarbazepine
2026-03-06 06:04:24,Levetiracetam
2026-02-24 15:52:34,Carbamazepine + Phenytoin + Levetiracetam
2026-02-02 06:16:39,Clobazam + Levetiracetam
2026-02-13 06:09:19,Carbamazepine
2026-06-07 09:18:02,Levetiracetam + Carbamazepine
2026-02-03 05:25:45,Levetiracetam + Carbamazepine
2026-04-10 15:17:10,Valproic Acid
2026-01-26 00:25:24,Levetiracetam + Clobazam + Valproic Acid
2026-03-03 09:59:35,Oxcarbazepine + Valproic Acid + Lamotrigine
2026-02-24 17:50:19,Lamotrigine + Levetiracetam
2026-03-30 22:17:39,Lamotrigine + Phenytoin
2026-04-13 19:46:51,Topiramate
2026-02-07 12:10:03,Topiramate + Carbamazepine
2026-04-09 16:10:59,Lamotrigine
2026-04-18 09:25:51,Lamotrigine
2026-05-04 23:24:53,Oxcarbazepine
2026-01-14 03:19:12,Valproic Acid + Levetiracetam
2026-01-20 03:56:08,Topiramate + Levetiracetam
2026-05-31 04:43:55,Topiramate
2026-01-26 20:19:34,Levetiracetam
2026-03-13 17:37:22,Carbamazepine + Oxcarbazepine
2026-05-17 04:43:34,Levetiracetam
2026-05-22 04:52:21,Valproic Acid
2026-05-16 08:04:37,Topiramate
2026-04-24 06:57:25,Levetiracetam + Clobazam
2026-02-10 12:05:13,Lamotrigine + Valproic Acid
2026-05-24 19:24:33,Levetiracetam
2026-05-13 02:25:12,Valproic Acid
2026-03-29 21:23:46,Valproic Acid
2026-04-03 12:48:34,Valproic Acid + Levetiracetam
2026-04-12 02:34:32,Levetiracetam
2026-05-25 07:34:38,Clobazam
2026-05-11 07:48:33,Clobazam
2026-02-09 11:47:26,Levetiracetam
2026-01-01 18:18:06,Levetiracetam + Valproic Acid
2026-03-14 10:47:27,Levetiracetam
2026-06-01 19:58:26,Levetiracetam
2026-05-30 13:09:33,Phenytoin + Clobazam
2026-01-01 18:34:02,Lamotrigine
2026-03-08 14:37:39,Carbamazepine + Phenytoin
2026-01-15 12:01:05,Levetiracetam
2026-02-15 06:51:03,Topiramate
2026-05-12 13:47:15,Valproic Acid
2026-01-21 07:59:46,Valproic Acid + Oxcarbazepine + Levetiracetam
2026-05-21 01:51:06,Levetiracetam + Valproic Acid
2026-03-25 14:54:23,Valproic Acid + Levetiracetam
2026-04-24 10:33:50,Carbamazepine + Topiramate
2026-03-07 19:58:07,Clobazam + Levetiracetam
2026-02-14 00:07:54,Phenytoin
2026-02-26 18:25:32,Valproic Acid + Lamotrigine
2025-12-26 11:08:48,Oxcarbazepine + Levetiracetam + Lamotrigine
2026-01-09 05:43:52,Oxcarbazepine + Carbamazepine
2026-04-28 21:42:50,Levetiracetam + Topiramate + Phenytoin
2026-04-02 19:01:46,Topiramate + Levetiracetam
2026-06-09 20:52:10,Levetiracetam
2026-05-27 01:49:16,Carbamazepine + Lamotrigine
2026-06-03 09:58:12,Lamotrigine
2026-02-08 02:00:52,Valproic Acid + Levetiracetam + Lamotrigine
2026-03-23 18:13:44,Lamotrigine
2026-04-07 07:42:33,Valproic Acid
2025-12-24 00:54:06,Clobazam
2026-01-12 12:51:23,Valproic Acid + Carbamazepine
2026-03-02 11:56:54,Valproic Acid
2026-06-02 09:36:36,Levetiracetam + Carbamazepine
2026-02-05 20:42:50,Levetiracetam
2026-02-13 07:58:45,Lamotrigine
2026-02-07 10:37:20,Topiramate + Levetiracetam
2026-04-08 05:02:44,Lamotrigine
2025-12-27 07:26:16,Levetiracetam + Oxcarbazepine + Valproic Acid
2026-05-06 15:36:16,Carbamazepine
2026-04-14 16:28:04,Levetiracetam
2026-04-03 05:17:02,Clobazam + Oxcarbazepine
2026-02-04 12:50:22,Levetiracetam
2026-03-28 00:49:54,Carbamazepine + Topiramate
2026-01-02 07:59:01,Levetiracetam + Phenytoin
2026-01-14 22:25:19,Lamotrigine
2026-05-15 09:24:37,Lamotrigine
2026-01-11 23:00:08,Clobazam
2026-02-21 08:10:03,Levetiracetam + Lamotrigine + Phenytoin
2026-01-06 16:53:21,Levetiracetam + Carbamazepine
2026-02-15 13:27:07,Lamotrigine
2026-06-08 03:17:51,Topiramate
2026-02-10 22:35:24,Levetiracetam + Carbamazepine + Oxcarbazepine
2026-03-11 01:49:03,Levetiracetam + Valproic Acid + Lamotrigine
2026-04-13 13:26:54,Valproic Acid + Levetiracetam
2026-06-08 08:45:15,Carbamazepine
2026-03-31 21:26:12,Levetiracetam + Phenytoin
2026-02-22 00:22:37,Levetiracetam
2026-04-06 10:40:14,Levetiracetam
2026-03-18 10:02:25,Topiramate + Levetiracetam
2026-01-21 11:50:29,Oxcarbazepine + Valproic Acid
2026-01-31 04:42:33,Valproic Acid + Oxcarbazepine
2026-01-08 06:35:43,Valproic Acid
2026-04-15 08:06:58,Topiramate + Levetiracetam
2026-01-14 07:03:40,Carbamazepine
2026-05-31 09:25:34,Lamotrigine
2026-04-24 05:11:50,Clobazam + Valproic Acid
2026-05-31 14:54:48,Levetiracetam + Lamotrigine
2026-02-08 22:42:20,Valproic Acid
2026-03-02 20:33:24,Lamotrigine + Valproic Acid
2026-01-01 13:35:27,Levetiracetam
2026-06-04 14:52:26,Oxcarbazepine
2026-02-23 15:33:39,Lamotrigine + Topiramate
2026-01-22 10:35:54,Oxcarbazepine
2026-04-23 22:21:52,Valproic Acid
2026-05-19 05:30:45,Valproic Acid
2026-02-28 00:45:37,Levetiracetam + Clobazam
2026-05-03 23:03:30,Levetiracetam + Valproic Acid
2026-04-28 20:58:24,Clobazam + Levetiracetam
2026-02-11 08:48:20,Oxcarbazepine
2026-05-09 17:43:08,Levetiracetam
2026-03-20 09:02:36,Valproic Acid
2026-05-03 19:15:18,Levetiracetam + Valproic Acid
2026-04-26 05:22:16,Levetiracetam + Phenytoin + Lamotrigine
2026-04-10 14:26:05,Oxcarbazepine + Topiramate
2026-04-27 13:35:19,Levetiracetam
2025-12-21 21:03:28,Clobazam + Valproic Acid
2025-12-28 15:03:50,Levetiracetam
2026-01-10 03:32:42,Valproic Acid + Topiramate
2026-05-14 18:04:23,Clobazam + Carbamazepine
2026-04-27 18:39:44,Valproic Acid + Phenytoin + Carbamazepine
2026-03-31 15:57:03,Carbamazepine + Topiramate
2025-12-30 14:23:23,Oxcarbazepine + Levetiracetam
2026-02-04 01:48:26,Valproic Acid
2026-04-24 09:22:45,Levetiracetam + Carbamazepine
2026-02-07 11:44:04,Carbamazepine + Phenytoin
2026-02-13 09:13:54,Carbamazepine
2026-02-09 23:04:54,Valproic Acid
2025-12-29 05:47:44,Valproic Acid + Levetiracetam
2026-05-16 12:00:28,Levetiracetam + Oxcarbazepine
2026-02-13 13:03:39,Valproic Acid + Levetiracetam
2026-05-11 00:44:06,Valproic Acid + Clobazam
2026-06-04 19:14:48,Levetiracetam
2026-02-23 05:29:22,Lamotrigine + Levetiracetam
2026-06-11 04:05:06,Levetiracetam + Phenytoin
2026-06-11 05:24:37,Topiramate + Oxcarbazepine
2026-03-11 13:36:09,Topiramate + Carbamazepine
2026-06-10 14:05:25,Topiramate + Valproic Acid
2026-06-10 03:14:19,Valproic Acid + Levetiracetam
2026-02-11 08:05:52,Lamotrigine
2026-01-15 12:23:37,Lamotrigine
2026-04-16 09:42:37,Levetiracetam
2026-03-30 03:43:57,Clobazam
2025-12-17 09:51:31,Valproic Acid + Phenytoin
2026-03-21 23:43:16,Lamotrigine
2026-02-11 04:31:06,Lamotrigine + Levetiracetam + Topiramate
2026-01-17 07:37:46,Levetiracetam + Phenytoin
2026-05-31 12:57:17,Lamotrigine
2026-04-11 15:24:16,Oxcarbazepine + Levetiracetam
2026-06-07 12:03:47,Lamotrigine
2026-05-23 02:21:43,Levetiracetam + Carbamazepine + Lamotrigine
2026-03-20 05:45:41,Levetiracetam
2026-01-19 21:39:26,Levetiracetam + Carbamazepine
2025-12-15 18:50:35,Valproic Acid
2026-01-20 05:09:01,Carbamazepine + Lamotrigine
2026-04-14 20:25:50,Valproic Acid
2026-06-05 13:34:57,Clobazam
2026-03-26 23:10:55,Oxcarbazepine
2026-04-16 14:03:29,Valproic Acid
2026-03-11 04:47:18,Valproic Acid + Levetiracetam
2026-04-15 14:23:55,Valproic Acid + Lamotrigine
2026-05-30 03:09:52,Topiramate
2025-12-26 10:03:48,Carbamazepine + Lamotrigine
2026-06-09 09:54:41,Oxcarbazepine
2026-01-10 03:28:28,Phenytoin
2026-03-27 21:50:02,Levetiracetam
2026-05-08 19:04:28,Carbamazepine
2026-03-01 07:23:55,Levetiracetam + Oxcarbazepine
2025-12-18 13:02:08,Oxcarbazepine + Clobazam
2026-02-07 03:10:46,Lamotrigine + Clobazam
2026-02-25 03:05:07,Carbamazepine
2025-12-28 12:11:37,Levetiracetam
2026-02-07 05:55:19,Valproic Acid
2025-12-26 15:21:56,Clobazam + Levetiracetam
2026-05-21 18:06:07,Lamotrigine + Oxcarbazepine
2026-06-07 01:23:56,Lamotrigine
2025-12-24 04:01:59,Levetiracetam
2026-03-04 05:45:00,Carbamazepine
2026-02-08 03:31:29,Valproic Acid
2026-05-27 04:18:12,Valproic Acid
2026-02-25 15:35:45,Valproic Acid + Oxcarbazepine
2026-01-18 11:23:27,Valproic Acid + Levetiracetam + Lamotrigine
2026-05-11 22:07:50,Carbamazepine + Valproic Acid + Topiramate
2026-01-22 09:53:57,Carbamazepine
2026-05-06 12:35:16,Phenytoin + Valproic Acid + Topiramate
2026-02-02 11:43:20,Valproic Acid + Carbamazepine
2026-03-30 02:19:51,Phenytoin
2025-12-24 07:50:01,Topiramate
2026-01-06 01:50:37,Levetiracetam
2026-04-20 16:55:54,Lamotrigine
2026-03-31 18:37:25,Levetiracetam + Oxcarbazepine
2026-05-03 11:22:03,Carbamazepine
2026-04-21 14:36:32,Oxcarbazepine
2026-03-18 18:36:47,Clobazam
2026-02-12 09:56:07,Valproic Acid
2026-05-20 13:21:02,Valproic Acid
2026-03-05 05:22:05,Phenytoin + Carbamazepine
2026-03-03 01:25:23,Levetiracetam + Carbamazepine
2026-01-23 23:55:15,Phenytoin
2026-05-20 09:33:45,Valproic Acid + Clobazam + Levetiracetam
2025-12-24 13:20:05,Valproic Acid + Levetiracetam
2026-04-18 23:56:05,Lamotrigine
2026-05-10 16:29:15,Carbamazepine
2026-02-12 09:17:19,Lamotrigine
2026-05-02 18:49:02,Levetiracetam
2026-02-07 22:46:13,Valproic Acid
2026-03-10 06:57:30,Carbamazepine + Valproic Acid
2026-05-22 06:42:11,Levetiracetam
2026-05-18 02:23:35,Lamotrigine
2026-06-09 22:59:10,Valproic Acid
2026-05-19 18:34:44,Carbamazepine + Levetiracetam
2026-04-02 10:50:17,Levetiracetam
2026-03-02 18:30:46,Levetiracetam
2026-03-27 10:02:17,Phenytoin + Levetiracetam + Valproic Acid
2026-05-21 06:10:41,Carbamazepine
2026-02-23 23:05:24,Valproic Acid + Lamotrigine
2026-02-05 22:34:03,Lamotrigine
2026-01-12 15:27:55,Lamotrigine + Levetiracetam + Valproic Acid
2025-12-15 03:13:04,Lamotrigine + Clobazam
2026-04-02 03:28:07,Oxcarbazepine + Phenytoin
2026-03-02 10:00:14,Levetiracetam
2026-05-18 14:10:28,Topiramate
2026-03-05 23:27:28,Carbamazepine
2026-02-14 04:46:51,Carbamazepine
2026-02-05 09:51:17,Valproic Acid
2026-06-03 18:22:30,Levetiracetam
2026-05-07 10:07:39,Levetiracetam
2026-04-10 05:04:41,Carbamazepine + Valproic Acid
2026-04-07 07:05:51,Levetiracetam + Clobazam + Lamotrigine
2026-06-10 23:52:18,Carbamazepine
2026-02-04 13:31:05,Valproic Acid
2026-05-18 18:38:39,Phenytoin
2026-02-14 15:14:55,Valproic Acid + Levetiracetam
2026-06-09 06:42:09,Levetiracetam + Lamotrigine + Valproic Acid
2025-12-17 19:46:38,Carbamazepine + Clobazam
2026-01-26 02:54:08,Topiramate
2026-01-20 04:31:15,Oxcarbazepine + Valproic Acid
2026-03-05 17:52:13,Clobazam
2026-04-26 07:00:04,Lamotrigine
2026-01-05 22:07:14,Levetiracetam
2026-04-28 08:15:15,Carbamazepine
2026-03-19 19:43:37,Lamotrigine + Valproic Acid
2026-04-28 16:08:47,Levetiracetam
2026-04-03 21:22:05,Levetiracetam + Lamotrigine
2026-03-01 18:57:11,Phenytoin + Levetiracetam
2026-01-15 05:43:10,Lamotrigine + Carbamazepine
2026-02-10 04:44:44,Valproic Acid
2026-05-26 23:13:17,Valproic Acid + Phenytoin + Levetiracetam
2026-02-01 14:37:47,Clobazam + Levetiracetam
2025-12-20 18:30:04,Valproic Acid
2026-03-09 06:00:45,Levetiracetam + Valproic Acid
2026-01-10 05:59:19,Carbamazepine
2026-01-14 17:19:49,Levetiracetam
2026-05-11 20:57:58,Oxcarbazepine
2026-02-11 14:05:15,Levetiracetam
2026-03-30 09:33:47,Levetiracetam + Carbamazepine
2026-01-08 18:00:56,Levetiracetam + Valproic Acid
2026-01-18 17:09:39,Valproic Acid
2025-12-16 22:49:21,Levetiracetam + Lamotrigine
2025-12-28 03:58:56,Levetiracetam
2026-05-21 14:49:28,Lamotrigine
2026-02-23 13:55:09,Oxcarbazepine
2026-02-18 09:02:49,Levetiracetam
2026-01-01 11:50:51,Levetiracetam + Lamotrigine
2025-12-19 01:01:34,Levetiracetam
2026-05-10 10:11:39,Phenytoin
2026-04-06 10:56:35,Valproic Acid + Topiramate
2026-01-09 13:34:11,Levetiracetam + Topiramate
2026-02-13 13:26:00,Carbamazepine + Valproic Acid
2026-04-23 03:09:33,Lamotrigine + Phenytoin + Topiramate
2026-02-11 11:46:32,Topiramate
2026-01-31 20:01:13,Levetiracetam + Clobazam
2026-04-05 03:40:23,Lamotrigine + Valproic Acid
2026-05-20 06:06:43,Phenytoin + Carbamazepine + Levetiracetam
2026-02-10 14:49:14,Levetiracetam
2026-02-07 02:43:11,Lamotrigine + Levetiracetam
2026-06-03 01:25:37,Carbamazepine + Levetiracetam + Valproic Acid
2026-01-15 04:12:28,Valproic Acid
2026-02-27 19:04:56,Levetiracetam
2026-05-23 23:27:40,Levetiracetam
2025-12-19 20:25:18,Carbamazepine + Levetiracetam
2026-03-28 19:50:28,Lamotrigine + Valproic Acid + Levetiracetam
2026-01-22 18:46:19,Phenytoin + Levetiracetam
2025-12-30 16:11:02,Lamotrigine
2026-03-24 15:17:32,Carbamazepine + Levetiracetam + Valproic Acid
2026-06-05 13:34:19,Levetiracetam + Topiramate
2026-04-13 04:23:58,Valproic Acid
2026-01-09 14:42:54,Phenytoin + Clobazam
2026-01-22 01:56:52,Lamotrigine + Carbamazepine
2026-01-19 00:56:00,Clobazam + Levetiracetam + Lamotrigine
2026-04-04 14:12:08,Oxcarbazepine + Lamotrigine
2026-01-23 08:34:58,Valproic Acid + Lamotrigine
2026-06-09 13:15:18,Valproic Acid
2026-02-19 20:21:50,Levetiracetam
2026-02-12 10:05:52,Phenytoin + Valproic Acid
2026-02-04 02:18:04,Valproic Acid
2026-01-31 14:40:20,Levetiracetam + Lamotrigine
2026-05-01 10:12:20,Topiramate
2025-12-15 13:16:46,Levetiracetam + Valproic Acid
2026-01-11 14:10:45,Carbamazepine
2026-02-24 07:08:51,Lamotrigine
2026-03-30 09:13:46,Lamotrigine + Valproic Acid
2026-06-01 05:28:23,Phenytoin + Lamotrigine
2026-04-26 03:32:56,Lamotrigine
2026-04-02 10:47:47,Valproic Acid
2026-05-01 14:37:06,Topiramate + Lamotrigine
2026-03-28 20:38:01,Levetiracetam
2026-01-15 15:06:54,Valproic Acid + Topiramate
2026-03-31 02:51:51,Levetiracetam + Topiramate
2026-03-27 04:54:26,Lamotrigine + Levetiracetam
2026-03-01 12:41:57,Valproic Acid + Lamotrigine
2026-02-14 17:52:15,Levetiracetam + Topiramate
2026-01-08 20:24:24,Levetiracetam + Topiramate
2026-03-31 17:43:39,Lamotrigine + Valproic Acid
2026-01-06 13:22:43,Levetiracetam + Valproic Acid
2026-06-08 02:40:32,Levetiracetam + Oxcarbazepine + Carbamazepine
2026-02-04 01:55:47,Clobazam
2025-12-19 20:10:11,Levetiracetam
2026-06-01 20:41:29,Valproic Acid + Carbamazepine
2026-03-05 12:05:20,Clobazam + Valproic Acid
2026-01-04 23:27:40,Valproic Acid + Carbamazepine + Lamotrigine
2026-06-09 09:45:51,Phenytoin + Levetiracetam + Oxcarbazepine
2025-12-26 21:26:43,Levetiracetam + Topiramate + Lamotrigine
2026-03-23 11:23:48,Levetiracetam + Oxcarbazepine + Lamotrigine
2026-01-17 11:05:41,Lamotrigine + Oxcarbazepine
2026-03-06 03:45:45,Valproic Acid
2026-05-27 12:15:01,Levetiracetam + Lamotrigine + Topiramate
2026-01-22 05:55:27,Valproic Acid
2026-01-01 16:46:42,Levetiracetam
2026-01-29 23:19:49,Valproic Acid + Levetiracetam
2026-03-17 06:51:09,Phenytoin
2026-05-20 20:07:09,Levetiracetam
2026-05-15 06:49:58,Lamotrigine
2026-01-09 07:05:48,Carbamazepine + Levetiracetam
2026-05-10 07:33:46,Phenytoin
2026-04-23 00:15:00,Levetiracetam + Phenytoin
2026-03-25 06:51:51,Valproic Acid
2026-02-25 21:13:35,Phenytoin + Oxcarbazepine + Valproic Acid
2026-05-16 11:27:14,Levetiracetam
2026-06-05 23:41:33,Phenytoin + Lamotrigine + Valproic Acid
2026-05-23 04:23:58,Phenytoin + Valproic Acid
2026-05-01 11:17:44,Levetiracetam + Phenytoin
2026-01-04 06:39:05,Phenytoin + Lamotrigine
2026-02-14 04:24:57,Valproic Acid + Levetiracetam
2026-05-08 11:30:55,Carbamazepine
2026-05-23 05:50:41,Phenytoin + Topiramate + Carbamazepine
2026-02-06 17:18:20,Valproic Acid
2026-06-03 07:37:53,Carbamazepine
2025-12-30 22:08:12,Lamotrigine + Phenytoin + Oxcarbazepine
2026-04-20 07:33:45,Lamotrigine + Carbamazepine
2026-01-14 20:32:38,Oxcarbazepine + Carbamazepine
2026-01-12 16:04:43,Phenytoin + Levetiracetam + Carbamazepine
2026-03-04 15:49:23,Lamotrigine + Oxcarbazepine
2026-01-28 19:05:03,Lamotrigine + Valproic Acid
2026-05-18 05:45:37,Levetiracetam + Valproic Acid
2026-04-04 15:21:02,Phenytoin + Lamotrigine + Levetiracetam
2026-04-02 22:52:26,Valproic Acid + Lamotrigine
2025-12-17 03:37:07,Carbamazepine
2026-01-05 19:02:23,Levetiracetam + Lamotrigine + Clobazam
2026-03-25 20:23:14,Carbamazepine + Phenytoin
2026-03-14 22:59:13,Levetiracetam
2026-03-26 07:43:49,Carbamazepine
2026-03-30 04:01:01,Topiramate
2026-03-28 13:05:08,Lamotrigine + Clobazam
2025-12-22 11:15:38,Clobazam + Valproic Acid
2026-02-18 01:53:40,Levetiracetam + Topiramate + Lamotrigine
2025-12-22 22:06:58,Clobazam + Levetiracetam
2026-06-09 15:00:04,Carbamazepine + Valproic Acid
2026-01-24 08:10:57,Levetiracetam
2026-01-28 12:41:58,Oxcarbazepine
2026-05-28 02:27:35,Clobazam + Levetiracetam
2026-01-01 07:06:07,Valproic Acid
2026-01-25 07:07:35,Valproic Acid + Lamotrigine
2026-05-08 18:06:40,Oxcarbazepine
2026-03-08 14:27:20,Levetiracetam
2026-04-10 01:59:41,Levetiracetam
2026-03-26 17:34:01,Lamotrigine
2026-02-20 02:11:38,Lamotrigine + Levetiracetam
2026-04-30 11:20:40,Clobazam
2026-02-02 04:43:55,Carbamazepine
2026-03-06 06:56:14,Levetiracetam
2026-03-27 12:35:15,Valproic Acid + Levetiracetam
2026-04-18 21:55:21,Phenytoin + Carbamazepine
2026-01-31 12:50:44,Levetiracetam + Valproic Acid
2026-01-02 03:35:37,Valproic Acid + Lamotrigine
2026-02-07 04:38:40,Levetiracetam + Phenytoin
2025-12-19 10:15:30,Carbamazepine + Clobazam
2026-05-12 04:12:41,Valproic Acid + Topiramate
2026-02-13 15:36:10,Valproic Acid
2026-04-16 18:31:03,Levetiracetam + Oxcarbazepine
2026-03-03 19:27:17,Carbamazepine + Clobazam
2026-04-20 14:32:24,Levetiracetam
2026-01-30 05:36:00,Lamotrigine
2026-05-21 07:55:04,Lamotrigine
